Job Title,Rating,Size,Founded,Type of ownership,Industry,Sector,Hourly,Employer provided,Lower Salary,Upper Salary,Avg Salary(K),Job Location,Age,Python,spark,aws,excel,sql,sas,keras,pytorch,scikit,tensor,hadoop,tableau,bi,flink,mongo,google_an,job_title_sim,seniority_by_title,Degree,Min_Salary,Max_Salary,Min_Revenue,Max_Revenue
Data Scientist,3.8,501 - 1000 ,1973,Company - Private,Aerospace & Defense,Aerospace & Defense,0,0,53,91,72.0,NM,48,1,0,0,1,0,1,0,0,0,0,0,1,1,0,0,0,data scientist,na,M,53,91,50000000,100000000
Healthcare Data Scientist,3.4,10000+ ,1984,Other Organization,Health Care Services & Hospitals,Health Care,0,0,63,112,87.5,MD,37,1,0,0,0,0,0,0,0,0,0,0,0,0,0,0,0,data scientist,na,M,63,112,2000000000,5000000000
Data Scientist,4.8,501 - 1000 ,2010,Company - Private,Security Services,Business Services,0,0,80,90,85.0,FL,11,1,1,0,1,1,1,0,0,0,0,0,0,0,0,0,0,data scientist,na,M,80,90,100000000,500000000
Data Scientist,3.8,1001 - 5000 ,1965,Government,Energy,"Oil, Gas, Energy & Utilities",0,0,56,97,76.5,WA,56,1,0,0,0,0,0,0,0,0,0,0,0,0,0,0,0,data scientist,na,na,56,97,500000000,1000000000
Data Scientist,3.4,201 - 500 ,2000,Company - Public,Real Estate,Real Estate,0,0,71,119,95.0,TX,21,1,0,1,1,1,0,0,0,0,0,0,0,1,0,1,0,data scientist,na,na,71,119,1000000000,2000000000
Data Scientist,3.8,201 - 500 ,2005,Company - Private,Consulting,Business Services,0,0,86,142,114.0,CA,16,1,1,1,1,1,0,0,1,0,1,0,0,0,0,0,0,data scientist,na,M,86,142,25000000,50000000
Research Scientist,3.3,10000+ ,2014,Hospital,Health Care Services & Hospitals,Health Care,0,0,38,84,61.0,NY,7,0,0,0,0,0,0,0,0,0,0,0,0,0,0,0,0,other scientist,na,P,38,84,500000000,1000000000
Data Scientist,4.6,51 - 200 ,2009,Company - Private,Internet,Information Technology,0,0,120,160,140.0,NY,12,1,1,0,0,0,0,0,0,0,0,0,0,0,0,0,0,data scientist,na,na,120,160,100000000,500000000
Data Scientist,3.5,501 - 1000 ,2011,Company - Private,Other Retail Stores,Retail,0,0,126,201,163.5,CA,10,1,0,0,0,0,0,0,0,0,0,0,0,0,0,0,0,data scientist,na,na,126,201,1000000000,2000000000
Data Scientist,4.1,5001 - 10000 ,1968,Company - Public,Research & Development,Business Services,0,0,64,106,85.0,VA,53,0,0,0,0,1,0,0,0,0,0,1,0,0,0,0,0,data scientist,na,na,64,106,1000000000,2000000000
Staff Data Scientist - Technology,3.2,10000+ ,1962,Company - Public,"Department, Clothing, & Shoe Stores",Retail,0,0,106,172,139.0,TX,59,0,0,0,0,1,0,0,0,0,0,1,0,0,0,0,0,data scientist,na,M,106,172,10000000000,10000000000
"Scientist I/II, Biology",3.9,51 - 200 ,2011,Company - Public,Biotech & Pharmaceuticals,Biotech & Pharmaceuticals,0,0,67,137,102.0,MA,10,0,0,0,1,0,0,0,0,0,0,0,0,0,0,0,0,other scientist,na,P,67,137,1000000,5000000
Data Scientist,4.0,501 - 1000 ,2012,Company - Private,Enterprise Software & Network Solutions,Information Technology,0,0,109,177,143.0,VA,9,1,0,1,0,0,0,1,0,0,1,0,0,0,0,0,0,data scientist,na,na,109,177,100000000,500000000
Data Scientist,3.6,1001 - 5000 ,1997,Company - Private,Real Estate,Real Estate,0,0,72,120,96.0,MI,24,1,0,0,0,1,1,0,0,0,0,0,0,0,0,0,0,data scientist,na,M,72,120,500000000,1000000000
Data Scientist / Machine Learning Expert,3.8,10000+ ,1996,Company - Public,Biotech & Pharmaceuticals,Biotech & Pharmaceuticals,0,0,86,143,114.5,MA,25,1,0,0,0,0,0,0,1,1,0,0,0,0,0,0,0,data scientist,na,na,86,143,10000000000,10000000000
Data Scientist,3.8,5001 - 10000 ,1996,Company - Public,Telecommunications Services,Telecommunications,0,0,93,149,121.0,CA,25,1,1,0,1,1,0,1,0,1,1,0,0,0,0,1,0,data scientist,na,M,93,149,2000000000,5000000000
Data Scientist,3.5,1001 - 5000 ,1969,Company - Private,Computer Hardware & Software,Information Technology,0,0,82,132,107.0,CA,52,1,1,1,0,0,0,0,0,0,0,1,1,0,0,1,0,data scientist,na,M,82,132,1000000000,2000000000
Data Scientist,4.7,201 - 500 ,2010,Company - Private,Aerospace & Defense,Aerospace & Defense,0,0,83,137,110.0,MA,11,1,1,0,1,1,0,0,1,1,1,1,0,0,0,0,0,data scientist,na,P,83,137,100000000,500000000
Data Engineer,3.5,201 - 500 ,1985,Company - Private,Insurance Carriers,Insurance,0,0,74,138,106.0,NY,36,1,0,0,1,1,0,0,0,0,0,0,0,0,0,0,0,data engineer,na,M,74,138,100000000,500000000
Data Analyst,4.2,201 - 500 ,2008,Company - Private,IT Services,Information Technology,0,0,64,112,88.0,CA,13,1,0,1,1,1,0,0,0,0,0,0,1,0,0,1,0,analyst,na,na,64,112,50000000,100000000
Data Engineer,3.6,1 - 50 ,-1,Company - Private,-1,-1,0,0,68,129,98.5,MA,21,0,0,0,1,1,0,0,0,0,0,0,0,0,0,0,0,data engineer,na,na,68,129,1000000,1000000
Scientist,3.4,5001 - 10000 ,2015,Company - Public,Consumer Products Manufacturing,Manufacturing,0,0,52,113,82.5,NJ,6,0,0,1,0,0,0,0,0,0,0,0,0,0,0,0,0,other scientist,na,M,52,113,2000000000,5000000000
Senior Data Scientist,4.3,1001 - 5000 ,1993,Company - Public,Real Estate,Real Estate,0,0,110,150,130.0,IL,28,1,1,0,1,1,0,0,0,1,0,1,1,1,0,0,0,data scientist,sr,M,110,150,2000000000,5000000000
Associate Data Analyst,3.1,5001 - 10000 ,1986,Company - Private,Enterprise Software & Network Solutions,Information Technology,0,0,20,39,29.5,CO,35,0,0,0,1,0,0,0,0,0,0,0,0,0,0,0,0,analyst,na,M,20,39,2000000000,5000000000
Spectral Scientist/Engineer,4.7,501 - 1000 ,1999,Company - Private,Aerospace & Defense,Aerospace & Defense,0,0,56,117,86.5,OH,22,0,0,0,0,0,0,0,0,0,0,0,0,0,0,0,0,other scientist,na,M,56,117,100000000,500000000
Data Science Analyst,4.6,1001 - 5000 ,2002,Company - Private,Aerospace & Defense,Aerospace & Defense,0,0,41,95,68.0,AL,19,1,0,0,1,0,0,0,0,0,0,0,1,0,0,0,0,data scientist,na,na,41,95,100000000,500000000
Data Scientist,4.3,201 - 500 ,2011,Company - Private,Consulting,Business Services,0,0,84,146,115.0,NY,10,1,1,1,0,1,0,0,0,0,0,1,1,0,0,0,0,data scientist,na,na,84,146,10000000,25000000
Senior Risk Data Scientist,3.8,501 - 1000 ,2006,Company - Public,Financial Transaction Processing,Finance,0,0,107,172,139.5,CA,15,0,0,0,0,1,1,0,0,0,0,0,0,0,0,0,0,data scientist,sr,M,107,172,50000000,100000000
Data Scientist in Artificial Intelligence Early Career,3.8,1001 - 5000 ,1965,Government,Energy,"Oil, Gas, Energy & Utilities",0,0,49,85,67.0,WA,56,0,0,0,0,0,0,0,1,0,1,0,0,0,0,0,0,data scientist,na,M,49,85,500000000,1000000000
Data Scientist,2.8,51 - 200 ,2006,Company - Private,Biotech & Pharmaceuticals,Biotech & Pharmaceuticals,0,0,88,148,118.0,MA,15,1,0,0,1,1,0,0,0,0,0,0,0,0,0,0,0,data scientist,na,P,88,148,1000000,5000000
Data Scientist,4.7,51 - 200 ,2003,Company - Private,Computer Hardware & Software,Information Technology,0,0,60,99,79.5,GA,18,1,0,0,1,1,0,1,1,1,0,0,0,0,0,0,0,data scientist,na,na,60,99,25000000,50000000
Data Scientist - Research,3.1,201 - 500 ,1999,Company - Public,Advertising & Marketing,Business Services,0,0,41,72,56.5,MA,22,1,0,0,0,1,0,0,0,0,0,0,1,0,0,0,0,data scientist,na,na,41,72,100000000,500000000
Data Scientist,3.2,1 - 50 ,-1,Company - Private,Staffing & Outsourcing,Business Services,0,0,96,161,128.5,PA,21,1,1,1,0,1,0,0,0,0,0,1,0,0,0,0,0,data scientist,na,na,96,161,50000000,10000000
Scientist,2.7,501 - 1000 ,1978,Subsidiary or Business Segment,Research & Development,Business Services,0,0,50,102,76.0,MO,43,0,0,0,1,0,0,0,0,0,0,0,0,0,0,0,0,other scientist,na,P,50,102,50000000,100000000
Data Scientist SR,3.9,501 - 1000 ,2010,Company - Private,IT Services,Information Technology,0,0,85,139,112.0,VA,11,1,1,0,0,1,0,0,0,0,0,1,0,0,0,0,0,data scientist,sr,M,85,139,100000000,500000000
Research Scientist,1.9,51 - 200 ,2000,Company - Private,Biotech & Pharmaceuticals,Biotech & Pharmaceuticals,0,0,57,118,87.5,MA,21,0,0,1,0,0,0,0,0,0,0,0,0,0,0,0,0,other scientist,na,M,57,118,10000000,25000000
Data Scientist,3.3,1001 - 5000 ,2017,Company - Private,Aerospace & Defense,Aerospace & Defense,0,0,83,137,110.0,VA,4,1,0,0,1,0,0,0,0,1,0,1,0,0,0,0,0,data scientist,na,na,83,137,1000000000,2000000000
Data Scientist,4.4,10000+ ,1995,Company - Private,IT Services,Information Technology,0,0,86,141,113.5,CA,26,1,0,0,1,0,0,0,0,0,0,0,0,0,0,0,0,data scientist,na,na,86,141,500000000,1000000000
Data Scientist,3.9,51 - 200 ,2016,Company - Private,Health Care Services & Hospitals,Health Care,0,0,94,154,124.0,CA,5,1,0,0,0,1,0,0,0,0,0,0,0,0,0,0,0,data scientist,na,na,94,154,1000000,5000000
Jr. Business Data Analyst,4.7,201 - 500 ,1997,Company - Private,Advertising & Marketing,Business Services,0,0,37,76,56.5,PA,24,0,0,0,1,0,0,0,0,0,0,0,0,0,0,0,1,analyst,jr,na,37,76,25000000,50000000
Data Analyst,4.3,51 - 200 ,2008,Company - Private,Computer Hardware & Software,Information Technology,0,0,55,100,77.5,IL,13,0,0,0,1,1,0,0,0,0,0,0,0,0,0,0,0,analyst,na,na,55,100,10000000,25000000
Data Engineer,4.0,201 - 500 ,2002,Company - Private,Consulting,Business Services,0,0,60,114,87.0,VA,19,1,0,1,1,1,0,0,0,0,0,0,0,0,0,0,0,data engineer,na,na,60,114,50000000,100000000
Data Scientist,4.2,501 - 1000 ,2008,Company - Private,Enterprise Software & Network Solutions,Information Technology,0,0,64,107,85.5,FL,13,1,1,0,1,1,0,0,0,0,0,1,0,0,0,0,0,data scientist,na,na,64,107,100000000,500000000
Data Management Specialist,4.5,51 - 200 ,1996,Company - Private,IT Services,Information Technology,0,0,31,65,48.0,AL,25,0,0,0,1,1,0,0,0,0,0,1,0,0,0,0,0,na,na,na,31,65,25000000,50000000
Sr. Scientist II,3.5,201 - 500 ,1990,Company - Public,Biotech & Pharmaceuticals,Biotech & Pharmaceuticals,0,0,117,231,174.0,CA,31,0,0,0,1,0,0,0,0,0,0,0,0,0,0,0,0,other scientist,sr,M,117,231,100000000,500000000
Insurance Data Scientist,3.9,5001 - 10000 ,1968,Company - Public,Financial Analytics & Research,Finance,0,0,64,106,85.0,GA,53,1,1,0,0,1,1,0,0,0,0,0,0,0,0,0,0,data scientist,na,na,64,106,1000000000,2000000000
Data Modeler,4.7,51 - 200 ,2003,Company - Private,IT Services,Information Technology,0,0,79,134,106.5,MD,18,0,0,0,0,0,0,0,0,0,0,0,0,0,0,0,0,data modeler,na,na,79,134,10000000,25000000
Data Analyst / Scientist,4.2,1001 - 5000 ,1988,Company - Private,IT Services,Information Technology,0,0,52,93,72.5,MD,33,0,0,0,1,0,0,0,0,0,0,0,0,0,0,0,0,analyst,na,na,52,93,100000000,500000000
Scientist,3.4,10000+ ,1996,Subsidiary or Business Segment,IT Services,Information Technology,0,0,55,116,85.5,MD,25,0,0,0,0,0,0,0,0,0,0,0,0,0,0,0,0,other scientist,na,M,55,116,10000000000,10000000000
Data Scientist,3.9,501 - 1000 ,2010,Company - Private,IT Services,Information Technology,0,0,74,124,99.0,VA,11,1,0,0,1,0,0,0,0,0,0,0,1,0,0,0,0,data scientist,na,na,74,124,100000000,500000000
Data Analyst,3.1,1001 - 5000 ,2001,Company - Private,Insurance Carriers,Insurance,0,0,40,73,56.5,WI,20,0,0,0,1,1,0,0,0,0,0,0,0,0,0,0,0,analyst,na,na,40,73,2000000000,5000000000
Data Engineer,3.9,1001 - 5000 ,1997,Company - Private,IT Services,Information Technology,0,0,68,123,95.5,NC,24,1,1,0,0,1,0,0,0,0,0,0,1,0,0,0,0,data engineer,na,M,68,123,100000000,500000000
Senior Data Scientist,3.3,10000+ ,1994,Company - Public,Transportation Equipment Manufacturing,Manufacturing,0,0,80,129,104.5,MI,27,1,1,1,1,1,0,0,0,0,0,0,0,1,0,0,0,data scientist,sr,M,80,129,5000000000,10000000000
Senior Data Analyst,4.3,201 - 500 ,2010,Company - Private,Enterprise Software & Network Solutions,Information Technology,0,0,39,71,55.0,AZ,11,0,0,0,1,1,0,0,0,0,0,0,0,1,0,0,0,analyst,sr,na,39,71,25000000,50000000
Data Scientist,4.5,201 - 500 ,2006,Company - Private,Computer Hardware & Software,Information Technology,0,0,121,193,157.0,CA,15,0,1,1,0,0,0,0,0,0,0,0,0,0,0,0,0,data scientist,na,na,121,193,100000000,500000000
Data Engineer,4.0,5001 - 10000 ,1982,Company - Public,Computer Hardware & Software,Information Technology,0,0,76,140,108.0,CA,39,1,1,0,0,1,0,0,0,0,0,1,0,0,0,0,0,data engineer,na,M,76,140,2000000000,5000000000
Data Engineer,4.7,51 - 200 ,1996,Company - Private,Consulting,Business Services,0,0,65,125,95.0,MN,25,0,1,1,0,1,0,0,0,0,0,1,0,0,1,0,0,data engineer,na,na,65,125,25000000,50000000
Senior Data Engineer,3.2,1001 - 5000 ,2000,Company - Private,Advertising & Marketing,Business Services,0,0,95,173,134.0,NC,21,0,1,1,0,1,0,0,0,0,0,0,0,0,0,0,0,data engineer,sr,na,95,173,1000000000,2000000000
Data Engineer,4.3,1001 - 5000 ,1993,Company - Public,Real Estate,Real Estate,0,0,80,105,92.5,IL,28,1,1,0,1,1,0,0,0,0,0,1,0,0,0,1,0,data engineer,na,na,80,105,2000000000,5000000000
Data Analyst,2.3,501 - 1000 ,1986,Company - Private,Research & Development,Business Services,0,0,43,81,62.0,MD,35,0,0,0,1,1,0,0,0,0,0,0,0,0,0,0,0,analyst,na,na,43,81,100000000,500000000
Project Scientist,4.0,51 - 200 ,2000,Other Organization,Architectural & Engineering Services,Business Services,0,0,29,50,39.5,AL,21,0,0,0,0,0,0,0,0,0,0,0,0,0,0,0,0,other scientist,na,na,29,50,25000000,50000000
Data Scientist,3.6,1001 - 5000 ,1966,Company - Private,Industrial Manufacturing,Manufacturing,0,0,82,133,107.5,CA,55,0,0,0,1,0,0,0,0,0,0,0,1,0,0,0,1,data scientist,na,M,82,133,100000000,500000000
Data Scientist,4.4,201 - 500 ,2008,Company - Private,Consulting,Business Services,0,0,60,102,81.0,IL,13,1,0,1,1,1,0,0,0,0,0,1,1,0,0,0,0,data scientist,na,na,60,102,50000000,100000000
Senior Data Scientist,4.0,501 - 1000 ,2012,Company - Private,Enterprise Software & Network Solutions,Information Technology,0,0,112,182,147.0,VA,9,1,0,1,0,0,0,1,0,0,1,0,0,0,0,0,0,data scientist,sr,na,112,182,100000000,500000000
Associate Scientist,2.9,1001 - 5000 ,1971,Company - Private,Consumer Products Manufacturing,Manufacturing,0,0,51,112,81.5,CA,50,0,0,0,1,0,0,0,0,0,0,0,0,0,0,0,0,other scientist,na,M,51,112,1000000000,2000000000
"Scientist 2, QC Viral Vector",3.8,1001 - 5000 ,1997,Company - Public,Biotech & Pharmaceuticals,Biotech & Pharmaceuticals,0,0,113,223,168.0,CA,24,0,0,0,1,0,0,0,0,0,0,0,0,0,0,0,0,other scientist,na,P,113,223,500000000,1000000000
Data Engineer,4.3,51 - 200 ,2008,Company - Private,Computer Hardware & Software,Information Technology,0,0,80,120,100.0,IL,13,0,1,0,1,1,0,0,0,0,0,0,0,0,0,0,0,data engineer,na,na,80,120,10000000,25000000
Data Scientist - Bioinformatics,3.8,1001 - 5000 ,1965,Government,Energy,"Oil, Gas, Energy & Utilities",0,0,49,85,67.0,WA,56,1,0,0,0,0,0,0,0,0,0,0,0,0,0,0,0,data scientist,na,P,49,85,500000000,1000000000
Data Engineer,3.9,10000+ ,2000,Company - Private,IT Services,Information Technology,0,0,60,114,87.0,DC,21,0,0,0,0,0,0,0,0,0,0,0,0,0,0,0,0,data engineer,na,M,60,114,2000000000,5000000000
Lead Data Scientist,3.8,201 - 500 ,1987,Company - Private,Advertising & Marketing,Business Services,0,0,75,125,100.0,OH,34,1,0,0,1,1,0,0,0,1,0,0,0,1,0,0,0,data scientist,sr,M,75,125,100000000,500000000
Senior Data Scientist Statistics,3.8,1001 - 5000 ,1965,Government,Energy,"Oil, Gas, Energy & Utilities",0,0,74,123,98.5,WA,56,0,0,0,0,0,0,0,0,0,0,0,0,0,0,0,0,data scientist,sr,P,74,123,500000000,1000000000
Senior Data Analyst,4.8,501 - 1000 ,2010,Company - Private,Security Services,Business Services,0,0,44,78,61.0,FL,11,1,0,0,1,1,0,0,0,0,0,0,0,0,0,0,0,analyst,sr,M,44,78,100000000,500000000
"Sr. Data Scientist - Analytics, Personalized Healthcare (PHC)",3.9,10000+ ,1976,Subsidiary or Business Segment,Biotech & Pharmaceuticals,Biotech & Pharmaceuticals,0,0,131,207,169.0,CA,45,1,1,0,1,1,0,0,0,0,0,1,0,0,0,0,0,data scientist,sr,P,131,207,10000000000,10000000000
Senior Data Scientist,3.8,5001 - 10000 ,1996,Company - Public,Telecommunications Services,Telecommunications,0,0,110,174,142.0,CA,25,1,1,1,1,0,0,0,0,1,1,0,0,0,1,0,0,data scientist,sr,P,110,174,2000000000,5000000000
"Data Scientist (Actuary, FSA or ASA)",3.8,501 - 1000 ,1981,Company - Private,Insurance Carriers,Insurance,0,0,81,133,107.0,MD,40,1,0,0,1,1,0,0,0,0,0,0,1,0,0,0,0,data scientist,na,M,81,133,500000000,1000000000
Staff Data Scientist,3.5,10000+ ,1970,Company - Public,Computer Hardware & Software,Information Technology,0,0,132,211,171.5,CA,51,1,0,1,0,1,0,0,0,0,0,1,0,0,0,0,0,data scientist,na,M,132,211,10000000000,10000000000
Senior Scientist - Neuroscience,3.5,1001 - 5000 ,2010,Company - Private,Biotech & Pharmaceuticals,Biotech & Pharmaceuticals,0,0,100,190,145.0,MA,11,1,0,0,1,0,0,0,0,0,0,0,0,0,0,0,0,other scientist,sr,P,100,190,1000000000,2000000000
Senior Data Analyst,2.9,201 - 500 ,1993,Nonprofit Organization,Colleges & Universities,Education,0,0,43,80,61.5,VA,28,1,0,0,1,1,0,0,0,0,0,0,1,1,0,0,0,analyst,sr,M,43,80,25000000,50000000
"Scientist, Analytical Development",4.4,201 - 500 ,2013,Company - Public,Biotech & Pharmaceuticals,Biotech & Pharmaceuticals,0,0,42,82,62.0,MA,8,0,0,0,0,0,0,0,0,0,0,0,0,0,0,0,0,other scientist,na,P,42,82,100000000,500000000
Senior Data Scientist,4.0,5001 - 10000 ,1982,Company - Public,Computer Hardware & Software,Information Technology,0,0,116,185,150.5,CA,39,1,1,0,0,1,1,0,0,1,1,1,0,0,0,0,0,data scientist,sr,P,116,185,2000000000,5000000000
Data Engineer,4.2,51 - 200 ,2006,Company - Public,Advertising & Marketing,Business Services,0,0,48,95,71.5,FL,15,1,1,1,1,1,0,0,0,0,0,1,0,0,0,0,0,data engineer,na,na,48,95,25000000,50000000
Digital Marketing & ECommerce Data Analyst,3.6,51 - 200 ,2006,Subsidiary or Business Segment,"Department, Clothing, & Shoe Stores",Retail,0,0,31,72,51.5,CA,15,0,0,0,1,0,0,0,0,0,0,0,0,0,0,0,1,analyst,na,na,31,72,100000000,500000000
Senior Data Scientist,3.3,1001 - 5000 ,1982,Company - Private,Insurance Carriers,Insurance,0,0,73,124,98.5,NJ,39,0,0,0,1,1,1,0,0,0,0,0,0,0,0,0,0,data scientist,sr,M,73,124,10000000,25000000
Principal Data Scientist with over 10 years experience,-1.0,51 - 200 ,2017,Company - Private,IT Services,Information Technology,0,1,200,250,225.0,CA,4,1,0,1,1,0,0,0,0,0,0,0,1,0,0,0,0,data scientist,sr,na,200,250,50000000,10000000
Excel / VBA / SQL Data Analyst,4.1,501 - 1000 ,1961,Company - Private,Energy,"Oil, Gas, Energy & Utilities",0,0,44,78,61.0,MO,60,0,0,0,1,1,0,0,0,0,0,0,0,0,0,0,0,analyst,na,M,44,78,1000000000,2000000000
"VP, Data Science",3.2,1001 - 5000 ,2008,Company - Public,Lending,Finance,0,0,83,166,124.5,AZ,13,1,0,0,1,1,0,1,0,0,1,0,0,0,0,0,0,data scientist,na,na,83,166,500000000,1000000000
Senior Data Scientist,3.9,51 - 200 ,2009,Company - Private,Financial Analytics & Research,Finance,0,0,114,182,148.0,CA,12,1,0,0,0,0,0,0,0,0,0,0,0,0,0,0,0,data scientist,sr,M,114,182,50000000,100000000
Radar Data Analyst,4.7,51 - 200 ,1996,Company - Private,Aerospace & Defense,Aerospace & Defense,0,0,42,76,59.0,AL,25,1,0,0,1,0,0,0,0,0,0,0,0,0,0,0,0,analyst,na,na,42,76,25000000,50000000
Principal Data Scientist (Computational Chemistry),4.7,51 - 200 ,2013,Company - Private,Biotech & Pharmaceuticals,Biotech & Pharmaceuticals,0,0,108,173,140.5,UT,8,1,0,1,0,0,0,1,1,1,1,0,0,0,0,0,0,data scientist,sr,na,108,173,1000000,5000000
"Principal Scientist, Chemistry & Immunology",3.3,10000+ ,2014,Hospital,Health Care Services & Hospitals,Health Care,0,0,54,115,84.5,NY,7,0,0,0,0,0,0,0,0,0,0,0,0,0,0,0,0,other scientist,sr,P,54,115,500000000,1000000000
Software Engineer - Data Visualization,4.0,51 - 200 ,2002,Company - Private,Computer Hardware & Software,Information Technology,0,0,60,127,93.5,MD,19,0,0,0,1,0,0,0,0,0,0,0,0,0,0,0,0,na,na,M,60,127,50000000,10000000
"Scientist/Senior Scientist, Autoimmune",4.4,201 - 500 ,2013,Company - Public,Biotech & Pharmaceuticals,Biotech & Pharmaceuticals,0,0,90,179,134.5,MA,8,0,0,0,0,0,0,0,0,0,0,0,0,0,0,0,0,other scientist,sr,P,90,179,100000000,500000000
Staff Machine Learning Engineer,3.9,201 - 500 ,2007,Company - Private,Internet,Information Technology,0,0,138,224,181.0,CA,14,1,1,0,0,1,0,0,0,1,1,0,0,0,0,0,0,machine learning engineer,na,na,138,224,10000000,25000000
"Principal Scientist, Hematology",3.3,10000+ ,2014,Hospital,Health Care Services & Hospitals,Health Care,0,0,54,115,84.5,NY,7,0,0,0,0,0,0,0,0,0,0,0,0,0,0,0,0,other scientist,sr,P,54,115,500000000,1000000000
Lead Data Engineer,4.1,51 - 200 ,2010,Company - Private,Internet,Information Technology,0,0,190,220,205.0,CA,11,1,1,1,0,1,0,0,0,0,0,0,0,0,0,0,0,data engineer,sr,na,190,220,50000000,100000000
Marketing Data Analyst,3.6,1001 - 5000 ,1986,Company - Private,Gambling,"Arts, Entertainment & Recreation",0,0,35,62,48.5,CA,35,0,0,0,1,1,1,0,0,0,0,0,1,0,0,0,1,analyst,na,M,35,62,100000000,500000000
Medical Laboratory Scientist,4.0,1001 - 5000 ,1977,Hospital,Health Care Services & Hospitals,Health Care,1,0,37,52,44.5,TX,44,0,0,1,0,0,0,0,0,0,0,0,0,0,0,0,0,other scientist,na,na,18,25,50000000,100000000
R&D Specialist/ Food Scientist,2.4,501 - 1000 ,-1,Company - Private,Food & Beverage Manufacturing,Manufacturing,0,0,39,66,52.5,IL,21,0,0,0,0,0,0,0,0,0,0,0,0,0,0,0,0,other scientist,na,na,39,66,100000000,500000000
Analytics Manager - Data Mart,3.5,501 - 1000 ,1996,Nonprofit Organization,Health Care Services & Hospitals,Health Care,0,0,42,86,64.0,CA,25,0,0,0,0,1,0,0,0,0,0,0,1,0,0,0,0,Data scientist project manager,na,na,42,86,500000000,1000000000
Staff Scientist-Downstream Process Development,2.7,201 - 500 ,1961,Company - Private,Biotech & Pharmaceuticals,Biotech & Pharmaceuticals,0,0,49,113,81.0,MD,60,0,0,0,1,0,0,0,0,0,0,0,0,0,0,0,0,other scientist,na,P,49,113,25000000,50000000
Sr. Data Engineer,3.4,1001 - 5000 ,2005,Company - Public,Transportation Management,Transportation & Logistics,0,0,75,140,107.5,IL,16,0,0,0,0,1,0,0,0,0,0,0,0,0,0,0,0,data engineer,sr,na,75,140,2000000000,5000000000
Data Scientist,3.7,10000+ ,1995,Company - Public,Aerospace & Defense,Aerospace & Defense,0,0,66,112,89.0,VA,26,1,1,0,1,1,0,0,0,0,0,1,1,0,0,0,0,data scientist,na,na,66,112,10000000000,10000000000
"Business Data Analyst, SQL",3.8,1001 - 5000 ,2002,Company - Private,Travel Agencies,Travel & Tourism,0,0,44,86,65.0,NY,19,0,0,0,1,1,0,0,0,0,0,0,1,1,0,0,0,analyst,na,na,44,86,2000000000,5000000000
Data Scientist,3.4,51 - 200 ,1992,Company - Private,Advertising & Marketing,Business Services,0,0,64,111,87.5,IL,29,0,0,0,0,1,1,0,0,0,0,0,0,0,0,0,0,data scientist,na,na,64,111,10000000,25000000
Data Analyst,3.1,1001 - 5000 ,1997,Company - Public,Video Games,Media,0,0,65,120,92.5,CA,24,1,0,0,1,1,0,0,0,0,0,1,1,0,0,0,0,analyst,na,na,65,120,10000000000,10000000000
Data Analyst,2.8,501 - 1000 ,-1,Nonprofit Organization,Social Assistance,Non-Profit,0,0,33,62,47.5,CA,21,0,0,0,1,0,0,0,0,0,0,0,0,0,0,0,0,analyst,na,na,33,62,50000000,100000000
Data Analyst,4.0,201 - 500 ,1984,Company - Private,Computer Hardware & Software,Information Technology,0,0,34,64,49.0,ID,37,1,0,0,1,1,0,0,0,0,0,0,1,0,0,0,0,analyst,na,na,34,64,50000000,100000000
Data Scientist,3.5,201 - 500 ,2019,Company - Private,IT Services,Information Technology,0,0,66,111,88.5,IN,2,0,0,1,0,0,0,0,0,0,0,0,0,0,0,0,0,data scientist,na,M,66,111,25000000,50000000
Data & Analytics Consultant (NYC),4.7,201 - 500 ,1992,Company - Private,Consulting,Business Services,0,0,91,138,114.5,NY,29,1,0,0,1,1,0,0,0,0,0,0,1,0,0,0,0,data analitics,na,M,91,138,50000000,100000000
Data Engineer,4.4,1001 - 5000 ,2006,Company - Public,Internet,Information Technology,0,0,62,114,88.0,TN,15,1,1,1,1,1,0,0,0,0,0,1,0,0,0,0,0,data engineer,na,na,62,114,100000000,500000000
Big Data Engineer - Chicago - Future Opportunity,4.1,501 - 1000 ,2001,Company - Private,Internet,Information Technology,0,0,71,129,100.0,IL,20,1,1,1,0,1,0,0,0,0,0,1,0,0,0,0,0,data engineer,na,na,71,129,100000000,500000000
Data Scientist,2.5,1001 - 5000 ,1999,Company - Public,Advertising & Marketing,Business Services,0,0,74,119,96.5,OR,22,1,1,0,0,1,0,0,0,0,0,0,0,0,0,0,0,data scientist,na,na,74,119,1000000000,2000000000
Data Scientist,3.9,1001 - 5000 ,1966,Company - Private,Research & Development,Business Services,0,0,15,16,15.5,NY,55,0,0,0,1,0,0,0,0,0,0,0,0,0,0,0,0,data scientist,na,na,15,16,100000000,500000000
Data Scientist,3.9,10000+ ,1976,Subsidiary or Business Segment,Biotech & Pharmaceuticals,Biotech & Pharmaceuticals,0,0,127,199,163.0,CA,45,0,0,0,1,1,1,0,0,0,0,0,0,0,0,0,0,data scientist,na,M,127,199,10000000000,10000000000
SQL Data Engineer,3.4,201 - 500 ,2006,Company - Private,Consulting,Business Services,0,0,67,119,93.0,TX,15,1,0,1,0,1,0,0,0,0,0,1,1,1,0,0,0,data engineer,na,M,67,119,50000000,100000000
Data Scientist,3.7,1001 - 5000 ,2004,Company - Public,Insurance Carriers,Insurance,0,0,78,126,102.0,NC,17,1,1,1,1,1,1,0,0,1,0,1,1,0,0,0,0,data scientist,na,M,78,126,5000000000,10000000000
"Sr. Data Scientist, Cyber-Security LT Contract",3.2,1 - 50 ,-1,Company - Private,Staffing & Outsourcing,Business Services,0,0,116,194,155.0,PA,21,1,1,1,1,0,0,0,0,1,0,1,0,0,0,0,0,data scientist,sr,M,116,194,50000000,10000000
Data Scientist,3.9,51 - 200 ,2000,Company - Private,Insurance Carriers,Insurance,0,0,83,133,108.0,CA,21,1,1,0,0,1,1,0,1,1,1,0,0,0,0,0,0,data scientist,na,M,83,133,10000000,25000000
Insurance Financial Data Analyst,4.2,501 - 1000 ,2004,Company - Private,Investment Banking & Asset Management,Finance,0,0,45,82,63.5,ID,17,0,0,0,1,1,0,0,0,0,0,0,0,0,0,0,0,analyst,na,na,45,82,50000000,100000000
Data Scientist,4.0,1 - 50 ,-1,Company - Private,IT Services,Information Technology,0,0,83,135,109.0,CA,21,1,0,0,0,1,0,0,0,0,0,0,1,0,0,0,0,data scientist,na,na,83,135,1000000,1000000
Data Engineer,3.2,1001 - 5000 ,2008,Company - Public,Lending,Finance,0,0,70,132,101.0,CA,13,1,0,1,1,1,0,0,0,0,0,0,1,0,0,0,0,data engineer,na,na,70,132,500000000,1000000000
Data Scientist,2.3,201 - 500 ,2003,Company - Public,Biotech & Pharmaceuticals,Biotech & Pharmaceuticals,0,0,76,126,101.0,DC,18,1,0,0,1,1,0,0,0,0,0,0,1,0,0,0,0,data scientist,na,M,76,126,100000000,500000000
"Data Scientist, Senior",4.0,501 - 1000 ,2012,Company - Private,Enterprise Software & Network Solutions,Information Technology,0,0,108,176,142.0,VA,9,1,0,1,0,1,0,0,0,0,0,0,0,0,0,1,0,data scientist,sr,na,108,176,100000000,500000000
CONSULTANT– DATA ANALYTICS GROUP,4.2,51 - 200 ,1987,Company - Private,Consulting,Business Services,0,0,37,68,52.5,CA,34,1,0,0,0,1,0,0,0,0,0,0,0,0,0,0,0,data analitics,na,na,37,68,10000000,25000000
Data Engineer,4.6,501 - 1000 ,1982,Company - Private,IT Services,Information Technology,0,0,52,99,75.5,TX,39,0,1,0,0,1,0,0,0,0,0,1,1,1,0,0,0,data engineer,na,na,52,99,50000000,100000000
"Associate Scientist/Scientist, Process Analytical Technology - Small Molecule Analytical Chemistry",3.9,10000+ ,1976,Subsidiary or Business Segment,Biotech & Pharmaceuticals,Biotech & Pharmaceuticals,0,0,88,162,125.0,CA,45,0,0,0,1,0,0,0,0,0,0,0,0,0,0,0,0,other scientist,na,P,88,162,10000000000,10000000000
Program/Data Analyst,3.4,10000+ ,1996,Subsidiary or Business Segment,IT Services,Information Technology,0,0,55,99,77.0,DC,25,0,0,0,1,1,0,0,0,0,0,0,1,0,0,0,0,analyst,na,M,55,99,10000000000,10000000000
Data Engineer,4.1,5001 - 10000 ,1968,Company - Public,Research & Development,Business Services,0,0,67,117,92.0,VA,53,0,0,0,0,1,0,0,0,0,0,1,0,0,0,0,0,data engineer,na,na,67,117,1000000000,2000000000
Senior Data Scientist: Causal & Predictive analytics AI Innovation Lab,3.8,10000+ ,1996,Company - Public,Biotech & Pharmaceuticals,Biotech & Pharmaceuticals,0,0,92,150,121.0,MA,25,0,0,0,0,0,0,0,0,0,0,0,0,0,0,0,0,data scientist,sr,na,92,150,10000000000,10000000000
"Principal Data Engineer, Data Platform & Insights",4.0,5001 - 10000 ,1982,Company - Public,Computer Hardware & Software,Information Technology,0,0,116,209,162.5,CA,39,1,1,0,1,1,0,0,0,0,0,0,0,0,0,0,0,data engineer,sr,na,116,209,2000000000,5000000000
Senior Data Scientist,2.2,501 - 1000 ,1993,Subsidiary or Business Segment,Advertising & Marketing,Business Services,0,0,84,136,110.0,TX,28,0,0,0,0,0,0,0,0,0,0,0,1,0,0,0,0,data scientist,sr,M,84,136,50000000,100000000
Clinical Data Analyst,4.1,5001 - 10000 ,1968,Company - Public,Research & Development,Business Services,0,0,52,89,70.5,VA,53,0,0,0,0,0,0,0,0,0,0,0,0,0,0,0,0,analyst,na,na,52,89,1000000000,2000000000
Computational Chemist/Data Scientist,3.8,1001 - 5000 ,1965,Government,Energy,"Oil, Gas, Energy & Utilities",0,0,56,97,76.5,WA,56,1,0,0,0,0,0,0,0,0,0,0,0,0,0,0,0,data scientist,na,P,56,97,500000000,1000000000
Product Engineer – Data Science,3.5,1001 - 5000 ,1969,Company - Private,Computer Hardware & Software,Information Technology,0,0,63,101,82.0,VA,52,1,0,0,0,1,0,0,0,0,0,0,0,0,0,0,0,data scientist,na,M,63,101,1000000000,2000000000
Market Data Analyst,3.4,201 - 500 ,1991,Company - Public,Telecommunications Manufacturing,Telecommunications,0,0,31,57,44.0,FL,30,0,0,0,0,0,0,0,0,0,0,0,0,0,0,0,0,analyst,na,M,31,57,50000000,100000000
Data Analyst,3.7,501 - 1000 ,1989,Company - Private,IT Services,Information Technology,0,0,50,92,71.0,VA,32,0,0,0,1,1,0,0,0,0,0,0,1,1,0,0,0,analyst,na,na,50,92,100000000,500000000
Consultant - Analytics Consulting,3.0,10000+ ,1981,Company - Public,IT Services,Information Technology,0,0,54,71,62.5,CT,40,0,0,0,1,0,0,0,0,0,0,0,0,0,0,0,0,data analitics,na,na,54,71,10000000000,10000000000
Senior Scientist (Neuroscience),3.5,1001 - 5000 ,2010,Company - Private,Biotech & Pharmaceuticals,Biotech & Pharmaceuticals,0,0,109,200,154.5,MA,11,1,0,0,1,0,0,0,0,0,0,0,0,0,0,0,0,other scientist,sr,P,109,200,1000000000,2000000000
Machine Learning Engineer - Regulatory,3.7,501 - 1000 ,1973,Company - Public,Stock Exchanges,Finance,0,0,61,113,87.0,KS,48,1,0,0,1,1,0,0,0,0,0,1,0,0,0,0,0,machine learning engineer,na,na,61,113,500000000,1000000000
"Scientist, Bacteriology",2.1,201 - 500 ,-1,Company - Public,Biotech & Pharmaceuticals,Biotech & Pharmaceuticals,0,0,74,149,111.5,CA,21,0,0,0,1,0,0,0,0,0,0,0,0,0,0,0,0,other scientist,na,P,74,149,25000000,50000000
Senior Data Scientist,4.4,201 - 500 ,2008,Company - Private,Consulting,Business Services,0,0,97,160,128.5,IL,13,1,0,1,1,1,0,0,0,0,0,1,1,0,0,0,0,data scientist,sr,na,97,160,50000000,100000000
Clinical Laboratory Scientist,3.7,501 - 1000 ,1966,Hospital,Health Care Services & Hospitals,Health Care,1,0,49,81,65.0,CO,55,0,0,0,0,0,0,0,0,0,0,0,0,0,0,0,0,other scientist,na,na,24,39,100000000,500000000
Senior Data Scientist,4.4,1001 - 5000 ,1984,Company - Private,Computer Hardware & Software,Information Technology,0,0,108,171,139.5,MA,37,1,0,0,0,1,0,0,0,0,0,0,1,1,0,0,0,data scientist,sr,M,108,171,1000000000,2000000000
Data Engineer,3.4,201 - 500 ,1999,Company - Private,IT Services,Information Technology,0,0,76,142,109.0,MD,22,0,0,1,0,0,0,0,0,0,0,0,0,0,0,0,0,data engineer,na,M,76,142,25000000,50000000
Associate Data Analyst- Graduate Development Program,3.3,501 - 1000 ,1989,Company - Private,Insurance Carriers,Insurance,0,0,32,59,45.5,OH,32,0,0,0,0,0,0,0,0,0,0,0,0,0,0,0,0,analyst,na,na,32,59,500000000,1000000000
Sr. Data Engineer,4.5,51 - 200 ,1996,Company - Private,Consulting,Business Services,0,0,87,158,122.5,IN,25,1,1,1,0,1,0,0,0,0,0,1,0,0,0,1,0,data engineer,sr,na,87,158,25000000,50000000
Senior Insurance Data Scientist,3.9,5001 - 10000 ,1968,Company - Public,Financial Analytics & Research,Finance,0,0,107,173,140.0,IL,53,1,0,0,1,1,1,0,0,0,0,0,0,0,0,0,0,data scientist,sr,na,107,173,1000000000,2000000000
Scientist - Biomarker and Flow Cytometry,2.4,501 - 1000 ,2006,Company - Private,Biotech & Pharmaceuticals,Biotech & Pharmaceuticals,0,0,43,98,70.5,CA,15,0,0,0,0,0,0,0,0,0,0,0,0,0,0,0,0,other scientist,na,M,43,98,50000000,100000000
Revenue Analytics Manager,4.8,51 - 200 ,2011,Company - Private,Computer Hardware & Software,Information Technology,0,0,45,78,61.5,CA,10,0,0,0,1,1,0,0,0,0,0,0,1,0,0,0,0,Data scientist project manager,na,na,45,78,25000000,50000000
IT - Data Engineer II,3.4,1001 - 5000 ,1988,Company - Private,Insurance Carriers,Insurance,0,0,61,119,90.0,MA,33,0,1,0,1,1,0,0,0,0,0,1,0,0,0,0,0,data engineer,na,na,61,119,100000000,500000000
Lead Data Scientist,3.9,51 - 200 ,2009,Company - Private,Financial Analytics & Research,Finance,0,0,139,221,180.0,CA,12,1,0,0,1,1,0,0,0,0,0,0,0,0,0,0,0,data scientist,sr,M,139,221,50000000,100000000
"Marketing Data Analyst, May 2020 Undergrad",3.8,1001 - 5000 ,2002,Company - Private,Travel Agencies,Travel & Tourism,0,0,44,86,65.0,NY,19,0,0,0,1,1,1,0,0,0,0,0,0,0,0,0,0,analyst,na,na,44,86,2000000000,5000000000
Senior Data Engineer,4.3,5001 - 10000 ,1990,Company - Private,Computer Hardware & Software,Information Technology,0,0,78,147,112.5,NC,31,1,1,1,0,0,0,0,0,0,0,1,0,0,1,0,0,data engineer,sr,na,78,147,1000000000,2000000000
Senior Data Analyst,1.9,201 - 500 ,2010,Company - Private,"Department, Clothing, & Shoe Stores",Retail,0,0,65,110,87.5,NY,11,1,0,0,1,1,0,0,0,0,0,0,0,0,0,0,1,analyst,sr,na,65,110,100000000,500000000
Associate Environmental Scientist - Wildlife Biologist,4.7,51 - 200 ,1972,Company - Private,Architectural & Engineering Services,Business Services,0,0,38,64,51.0,CA,49,0,0,0,1,0,0,0,0,0,0,0,0,0,0,0,0,other scientist,na,na,38,64,10000000,25000000
Salesforce Analytics Consultant,3.9,501 - 1000 ,1995,Company - Private,Enterprise Software & Network Solutions,Information Technology,0,0,52,81,66.5,IL,26,1,0,0,0,1,1,0,0,0,0,0,1,1,0,0,0,data analitics,na,M,52,81,100000000,500000000
Senior Data Engineer,4.7,51 - 200 ,2010,Company - Private,Security Services,Business Services,0,0,97,180,138.5,TX,11,1,1,0,0,1,0,0,0,0,1,0,0,0,0,0,0,data engineer,sr,na,97,180,10000000,25000000
"Scientist, Pharmacometrics",3.8,501 - 1000 ,2008,Company - Public,Biotech & Pharmaceuticals,Biotech & Pharmaceuticals,0,0,84,157,120.5,MA,13,0,0,0,0,0,1,0,0,0,0,0,0,0,0,0,0,other scientist,na,M,84,157,50000000,100000000
Staff Scientist- Upstream PD,2.7,201 - 500 ,1961,Company - Private,Biotech & Pharmaceuticals,Biotech & Pharmaceuticals,0,0,49,113,81.0,MD,60,0,0,0,0,0,0,0,0,0,0,0,0,0,0,0,0,other scientist,na,na,49,113,25000000,50000000
Product Engineer – Spatial Data Science and Statistical Analysis,3.5,1001 - 5000 ,1969,Company - Private,Computer Hardware & Software,Information Technology,0,0,52,85,68.5,CA,52,1,1,0,1,0,0,0,1,1,1,0,0,0,0,0,0,data scientist,na,M,52,85,1000000000,2000000000
Sr Software Engineer (Data Scientist),3.4,10000+ ,1978,Company - Public,Insurance Carriers,Insurance,0,0,81,140,110.5,OH,43,0,0,0,1,1,0,0,1,0,1,0,0,0,0,0,0,data scientist,sr,na,81,140,5000000000,10000000000
Sr. Data Engineer (ETL Developer),3.7,201 - 500 ,-1,Subsidiary or Business Segment,Insurance Carriers,Insurance,0,0,83,148,115.5,IA,21,1,0,0,1,1,0,0,0,0,0,0,1,0,0,0,0,data engineer,sr,na,83,148,100000000,500000000
Senior Data Scientist Artificial Intelligence,3.8,1001 - 5000 ,1965,Government,Energy,"Oil, Gas, Energy & Utilities",0,0,60,101,80.5,WA,56,0,0,0,0,0,0,0,1,0,1,0,0,0,0,0,0,data scientist,sr,M,60,101,500000000,1000000000
Analytics - Business Assurance Data Analyst,4.6,501 - 1000 ,1992,Company - Private,Lending,Finance,0,0,31,55,43.0,IA,29,0,0,0,1,1,0,0,0,0,0,0,1,0,0,0,0,analyst,na,na,31,55,100000000,500000000
Data Analyst Senior,3.0,5001 - 10000 ,1983,Company - Private,Insurance Carriers,Insurance,0,0,48,85,66.5,PA,38,0,0,0,1,1,1,0,0,0,0,0,1,0,0,0,0,analyst,sr,M,48,85,5000000000,10000000000
Lead Data Engineer (Python),4.7,51 - 200 ,2006,Company - Private,Staffing & Outsourcing,Business Services,0,0,66,123,94.5,CA,15,1,0,1,0,0,0,0,0,0,0,0,0,0,0,0,0,data engineer,sr,na,66,123,1000000,5000000
Senior Data Scientist 4 Artificial Intelligence,3.8,1001 - 5000 ,1965,Government,Energy,"Oil, Gas, Energy & Utilities",0,0,92,146,119.0,WA,56,0,0,0,0,0,0,0,1,0,1,0,0,0,0,0,0,data scientist,sr,M,92,146,500000000,1000000000
Medical Lab Scientist - MLT,3.2,10000+ ,1996,Nonprofit Organization,Health Care Services & Hospitals,Health Care,1,0,43,60,51.5,NE,25,0,0,0,0,0,0,0,0,0,0,0,0,0,0,0,0,other scientist,na,na,21,29,10000000000,10000000000
"Senior Operations Data Analyst, Call Center Operations",2.7,5001 - 10000 ,2000,Company - Public,Financial Transaction Processing,Finance,1,0,20,35,27.5,TN,21,0,0,0,1,0,0,0,0,0,0,0,1,0,0,0,0,analyst,sr,na,10,17,2000000000,5000000000
Sr Data Analyst - IT,2.1,1001 - 5000 ,2003,Other Organization,Biotech & Pharmaceuticals,Biotech & Pharmaceuticals,0,0,52,93,72.5,PA,18,0,0,0,1,1,0,0,0,0,0,0,1,0,0,0,0,analyst,sr,na,52,93,100000000,500000000
Senior Data Engineer,3.9,51 - 200 ,2008,Company - Public,Computer Hardware & Software,Information Technology,0,0,97,181,139.0,CA,13,1,0,1,1,0,0,0,0,0,0,0,0,0,0,0,0,data engineer,sr,na,97,181,10000000,25000000
Senior Data Engineer,3.9,201 - 500 ,2007,Company - Private,Internet,Information Technology,0,0,100,173,136.5,CA,14,0,0,0,0,1,0,0,0,0,0,0,0,0,0,0,0,data engineer,sr,na,100,173,10000000,25000000
Associate Machine Learning Engineer / Data Scientist May 2020 Undergrad,3.8,1001 - 5000 ,2002,Company - Private,Travel Agencies,Travel & Tourism,0,0,53,96,74.5,NY,19,1,1,0,0,0,0,0,0,0,0,0,0,0,0,0,0,data scientist,na,na,53,96,2000000000,5000000000
Data Scientist,5.0,51 - 200 ,2014,Company - Private,Aerospace & Defense,Aerospace & Defense,0,0,75,127,101.0,VA,7,1,0,0,0,1,1,0,0,0,0,0,0,0,0,0,0,data scientist,na,na,75,127,10000000,25000000
Data Scientist,2.8,1001 - 5000 ,1976,Company - Public,Wholesale,Business Services,0,0,55,98,76.5,NY,45,1,0,0,1,1,1,0,0,0,0,0,1,0,0,0,0,data scientist,na,na,55,98,1000000000,2000000000
Data Scientist,3.5,1001 - 5000 ,1992,Subsidiary or Business Segment,TV Broadcast & Cable Networks,Media,0,0,94,162,128.0,NY,29,1,1,0,0,1,0,1,0,1,1,1,1,0,0,1,1,data scientist,na,na,94,162,500000000,1000000000
Data Engineer,3.2,1 - 50 ,-1,Company - Private,Staffing & Outsourcing,Business Services,0,0,63,120,91.5,PA,21,1,1,1,1,1,0,0,0,0,0,1,0,0,0,0,0,data engineer,na,na,63,120,50000000,10000000
Staff Data Engineer,3.7,1001 - 5000 ,1988,Subsidiary or Business Segment,Computer Hardware & Software,Information Technology,0,0,126,228,177.0,CA,33,1,1,1,0,1,0,0,0,0,0,1,0,0,1,1,0,data engineer,na,P,126,228,50000000,100000000
Data Scientist,4.7,201 - 500 ,2010,Company - Private,Aerospace & Defense,Aerospace & Defense,0,0,80,134,107.0,VA,11,1,1,0,1,1,0,0,1,1,1,1,0,0,0,0,0,data scientist,na,P,80,134,100000000,500000000
Data Scientist,4.0,1 - 50 ,-1,Company - Private,Accounting,Accounting & Legal,0,0,85,142,113.5,CA,21,1,1,0,0,1,0,0,0,0,0,0,0,0,0,0,0,data scientist,na,na,85,142,1000000,1000000
Data Scientist,3.9,1 - 50 ,-1,Company - Private,IT Services,Information Technology,0,0,87,140,113.5,CA,21,1,0,0,0,1,0,0,0,0,0,0,0,0,0,0,0,data scientist,na,M,87,140,1000000,1000000
Data Scientist,3.4,10000+ ,1969,Company - Public,Aerospace & Defense,Aerospace & Defense,0,0,76,127,101.5,VA,52,1,0,1,0,0,0,0,1,0,1,0,0,0,0,0,0,data scientist,na,M,76,127,10000000000,10000000000
Data Scientist,3.5,10000+ ,2016,Company - Public,Consulting,Business Services,0,0,61,100,80.5,NY,5,1,0,1,0,1,0,0,0,0,0,0,0,0,0,0,0,data scientist,na,M,61,100,2000000000,5000000000
Data Scientist,3.5,51 - 200 ,-1,Company - Private,"Health, Beauty, & Fitness",Consumer Services,0,0,108,171,139.5,CA,21,1,0,0,0,1,0,0,0,0,0,0,0,0,0,0,0,data scientist,na,na,108,171,50000000,10000000
Data Scientist,4.0,201 - 500 ,2007,Company - Private,Lending,Finance,0,0,63,111,87.0,NY,14,0,0,0,1,0,0,0,0,0,0,0,0,0,0,0,0,data scientist,na,na,63,111,100000000,500000000
Data Scientist Manager,3.8,10000+ ,1967,Company - Public,Enterprise Software & Network Solutions,Information Technology,0,0,110,184,147.0,NY,54,1,1,0,1,1,1,0,0,1,0,1,0,0,0,1,0,data scientist,na,M,110,184,10000000000,10000000000
Data Scientist,4.6,51 - 200 ,-1,Company - Private,Consulting,Business Services,0,0,70,118,94.0,MA,21,1,1,1,0,1,0,0,0,0,0,1,1,1,0,0,0,data scientist,na,M,70,118,50000000,10000000
Senior Data Scientist,4.3,1001 - 5000 ,1999,Company - Public,Enterprise Software & Network Solutions,Information Technology,0,0,94,153,123.5,NY,22,1,0,1,0,1,0,0,0,0,0,0,0,0,0,0,0,data scientist,sr,M,94,153,500000000,1000000000
Data Analyst,3.1,1001 - 5000 ,2006,School / School District,K-12 Education,Education,0,0,42,77,59.5,NY,15,1,0,0,1,1,0,0,0,0,0,0,0,0,0,0,0,analyst,na,na,42,77,100000000,500000000
Data Analyst,3.6,1 - 50 ,1980,Company - Private,Health Care Services & Hospitals,Health Care,0,0,47,85,66.0,NY,41,0,0,0,1,0,0,0,0,0,0,0,0,0,0,0,0,analyst,na,na,47,85,10000000,25000000
Data Scientist,3.7,201 - 500 ,2006,Company - Private,IT Services,Information Technology,0,0,64,108,86.0,MD,15,1,0,0,1,0,1,0,0,0,0,0,0,0,0,0,0,data scientist,na,M,64,108,25000000,50000000
Data Engineer,3.4,501 - 1000 ,2002,Company - Private,IT Services,Information Technology,0,0,55,105,80.0,TX,19,1,1,0,1,1,0,0,0,0,0,1,0,0,0,0,0,data engineer,na,na,55,105,1000000000,2000000000
Data Engineer,3.1,1001 - 5000 ,1997,Company - Public,Video Games,Media,0,0,79,147,113.0,CA,24,1,1,1,1,1,0,0,0,0,0,0,0,0,0,1,0,data engineer,na,na,79,147,10000000000,10000000000
Products Data Analyst II,3.3,1001 - 5000 ,1988,Company - Public,Consulting,Business Services,0,0,90,157,123.5,CA,33,0,0,0,1,1,1,0,0,0,0,0,1,0,0,1,0,analyst,na,M,90,157,2000000000,5000000000
Lead Data Analyst,3.9,201 - 500 ,2010,Company - Private,Internet,Information Technology,0,0,32,62,47.0,NY,11,0,1,0,0,1,0,0,0,0,0,0,0,0,0,0,0,analyst,sr,na,32,62,10000000,25000000
Data Science Engineer - Mobile,4.0,10000+ ,1982,Company - Public,Computer Hardware & Software,Information Technology,0,0,116,208,162.0,CA,39,1,0,0,1,1,0,0,0,0,0,1,1,1,0,0,0,data scientist,na,M,116,208,5000000000,10000000000
"Sr Expert Data Science, Advanced Visual Analytics (Associate level)",3.8,10000+ ,1996,Company - Public,Biotech & Pharmaceuticals,Biotech & Pharmaceuticals,0,0,80,133,106.5,MA,25,1,0,0,0,1,1,0,0,0,0,0,1,1,0,0,0,data scientist,sr,M,80,133,10000000000,10000000000
Clinical Data Analyst,3.0,1001 - 5000 ,1977,Subsidiary or Business Segment,Enterprise Software & Network Solutions,Information Technology,0,0,27,48,37.5,FL,44,0,0,0,1,1,0,0,0,0,0,0,0,0,0,0,0,analyst,na,M,27,48,100000000,500000000
Business Data Analyst,3.8,1001 - 5000 ,2002,Company - Private,Travel Agencies,Travel & Tourism,0,0,36,71,53.5,NY,19,1,0,0,1,1,0,0,0,0,0,0,0,1,0,0,1,analyst,na,M,36,71,2000000000,5000000000
Data Scientist - Sales,4.7,501 - 1000 ,2014,Company - Private,Computer Hardware & Software,Information Technology,0,0,130,206,168.0,CA,7,1,0,0,1,1,0,0,0,0,0,0,1,0,0,0,0,data scientist,na,na,130,206,100000000,500000000
"Principal, Data Science - Advanced Analytics",3.6,10000+ ,2017,Company - Public,Biotech & Pharmaceuticals,Biotech & Pharmaceuticals,0,0,86,137,111.5,PA,4,0,0,0,0,0,0,0,0,0,0,0,0,0,0,0,0,data scientist,sr,M,86,137,2000000000,5000000000
Senior Data Engineer,4.4,1001 - 5000 ,2006,Company - Public,Internet,Information Technology,0,0,72,133,102.5,TN,15,1,1,1,0,1,0,0,0,0,0,1,0,0,0,0,0,data engineer,sr,na,72,133,100000000,500000000
Research Scientist – Security and Privacy,3.6,501 - 1000 ,1967,Nonprofit Organization,Federal Agencies,Government,0,0,61,126,93.5,OH,54,1,0,0,0,0,0,0,0,0,0,0,0,0,0,0,0,other scientist,na,M,61,126,50000000,100000000
Data Science Manager,3.2,1 - 50 ,-1,Company - Private,Staffing & Outsourcing,Business Services,0,0,95,160,127.5,PA,21,0,0,0,1,0,0,0,0,0,0,0,0,0,0,0,0,data scientist,na,na,95,160,50000000,10000000
Supply Chain Data Analyst,3.1,1001 - 5000 ,1977,Company - Private,Consumer Products Manufacturing,Manufacturing,0,0,33,61,47.0,UT,44,1,0,0,1,1,0,0,0,0,0,0,1,0,0,0,0,analyst,na,na,33,61,500000000,1000000000
Senior Data Analyst,4.0,501 - 1000 ,2012,Company - Private,Enterprise Software & Network Solutions,Information Technology,0,0,69,119,94.0,VA,9,1,0,0,0,1,0,0,0,0,0,0,0,0,0,0,0,analyst,sr,na,69,119,100000000,500000000
Senior Data Engineer,4.0,501 - 1000 ,2012,Company - Private,Enterprise Software & Network Solutions,Information Technology,0,0,67,127,97.0,VA,9,1,1,1,0,1,0,0,0,0,0,1,0,0,1,0,0,data engineer,sr,na,67,127,100000000,500000000
Data Scientist in Translational Medicine,3.8,10000+ ,1996,Company - Public,Biotech & Pharmaceuticals,Biotech & Pharmaceuticals,0,0,86,143,114.5,MA,25,0,0,0,0,0,0,0,0,0,0,0,0,0,0,0,0,data scientist,na,na,86,143,10000000000,10000000000
Product Manager/Data Evangelist,3.2,1 - 50 ,-1,Company - Private,Staffing & Outsourcing,Business Services,0,0,50,98,74.0,PA,21,1,0,1,0,1,0,0,0,0,0,0,0,0,0,0,0,Data scientist project manager,na,M,50,98,50000000,10000000
"Senior Data Scientist – Visualization, Novartis AI Innovation Lab",3.8,10000+ ,1996,Company - Public,Biotech & Pharmaceuticals,Biotech & Pharmaceuticals,0,0,92,150,121.0,MA,25,0,0,0,0,0,0,0,0,0,0,0,0,0,0,0,0,data scientist,sr,na,92,150,10000000000,10000000000
Senior Data Analyst/Scientist,4.5,201 - 500 ,2006,Company - Private,Computer Hardware & Software,Information Technology,0,0,90,153,121.5,CA,15,0,0,0,0,1,0,0,0,0,0,0,1,1,0,0,0,analyst,sr,na,90,153,100000000,500000000
Data Engineer,3.4,501 - 1000 ,2002,Company - Private,IT Services,Information Technology,0,0,42,79,60.5,AZ,19,1,1,1,0,1,0,0,0,0,0,0,0,0,0,1,0,data engineer,na,na,42,79,50000000,100000000
Big Data Engineer,3.3,1001 - 5000 ,2017,Company - Private,Aerospace & Defense,Aerospace & Defense,0,0,84,153,118.5,VA,4,1,1,0,0,1,0,0,0,0,0,1,0,0,0,0,0,data engineer,na,na,84,153,1000000000,2000000000
Manager of Data Science,3.9,201 - 500 ,2007,Company - Private,Internet,Information Technology,0,0,40,87,63.5,CA,14,1,1,0,0,1,0,0,0,1,1,0,0,0,0,0,0,data scientist,na,na,40,87,10000000,25000000
Software Engineer (Data Scientist/Software Engineer) - SISW - MG,4.1,5001 - 10000 ,1981,Company - Public,Computer Hardware & Software,Information Technology,0,0,72,142,107.0,CA,40,1,0,0,1,0,0,1,0,0,1,0,0,0,0,0,0,data scientist,na,na,72,142,1000000000,2000000000
Data Engineer,3.7,5001 - 10000 ,-1,Company - Public,Aerospace & Defense,Aerospace & Defense,0,0,74,137,105.5,VA,21,1,1,0,0,1,0,0,0,0,0,1,0,0,0,0,0,data engineer,na,na,74,137,2000000000,5000000000
Data Engineer,2.8,501 - 1000 ,1972,Company - Private,Insurance Carriers,Insurance,0,0,57,109,83.0,CA,49,0,0,0,0,1,0,0,0,0,0,0,1,1,0,0,0,data engineer,na,na,57,109,500000000,1000000000
Data Engineer,3.5,201 - 500 ,1995,Company - Private,Consulting,Business Services,0,0,65,126,95.5,IL,26,1,0,0,0,1,0,0,0,0,0,0,0,0,0,0,0,data engineer,na,M,65,126,50000000,100000000
Senior Quantitative Analyst,3.3,1001 - 5000 ,1973,Company - Private,Brokerage Services,Finance,0,0,118,228,173.0,NJ,48,1,0,0,1,1,0,0,0,0,0,0,0,0,0,0,0,analyst,sr,na,118,228,1000000000,2000000000
Research Scientist or Senior Research Scientist - Computer Vision,4.6,51 - 200 ,1991,Subsidiary or Business Segment,Research & Development,Business Services,0,0,81,161,121.0,MA,30,0,0,1,1,0,0,0,1,0,1,0,0,0,0,0,0,other scientist,sr,P,81,161,50000000,10000000
Research Scientist / Principal Research Scientist - Multiphysical Systems,4.6,51 - 200 ,1991,Subsidiary or Business Segment,Research & Development,Business Services,0,0,115,220,167.5,MA,30,0,0,0,0,0,0,0,0,0,0,0,0,0,0,0,0,other scientist,sr,P,115,220,50000000,10000000
Foundational Community Supports Data Analyst,3.4,501 - 1000 ,1979,Nonprofit Organization,Social Assistance,Non-Profit,0,0,32,57,44.5,WA,42,0,0,1,1,1,0,0,0,0,0,0,0,0,0,0,0,analyst,na,na,32,57,25000000,50000000
Sr. Data Analyst,3.7,201 - 500 ,1994,Company - Private,Health Care Services & Hospitals,Health Care,0,0,50,89,69.5,PA,27,0,0,0,1,1,0,0,0,0,0,0,1,1,0,0,0,analyst,sr,na,50,89,500000000,1000000000
"Senior Engineer, Data Management Engineering",3.5,10000+ ,1970,Company - Public,Computer Hardware & Software,Information Technology,0,0,68,129,98.5,CA,51,1,1,1,0,1,0,0,0,0,0,1,0,0,0,0,0,na,sr,na,68,129,10000000000,10000000000
Quality Control Scientist III- Analytical Development,2.7,201 - 500 ,1961,Company - Private,Biotech & Pharmaceuticals,Biotech & Pharmaceuticals,0,0,48,113,80.5,MD,60,0,0,0,1,0,0,0,0,0,0,0,0,0,0,0,0,other scientist,na,na,48,113,25000000,50000000
"Clinical Scientist, Clinical Development",3.8,51 - 200 ,2008,Company - Private,Biotech & Pharmaceuticals,Biotech & Pharmaceuticals,1,0,56,97,76.5,MA,13,0,0,0,1,0,0,0,0,0,0,0,0,0,0,0,0,other scientist,na,na,27,47,10000000,25000000
"Manager, Safety Scientist, Medical Safety & Risk Management",3.8,501 - 1000 ,2008,Company - Public,Biotech & Pharmaceuticals,Biotech & Pharmaceuticals,0,0,68,125,96.5,MA,13,0,0,0,1,0,0,0,0,0,0,0,0,0,0,0,0,Data scientist project manager,na,na,68,125,50000000,100000000
Data Scientist,3.5,1 - 50 ,-1,School / School District,K-12 Education,Education,0,0,71,121,96.0,MO,21,0,0,0,1,1,0,0,0,0,0,1,0,0,0,0,0,data scientist,na,P,71,121,50000000,10000000
Data Scientist,3.4,51 - 200 ,1997,Company - Private,Consulting,Business Services,0,0,72,121,96.5,DC,24,1,0,0,0,0,0,0,0,0,1,0,0,0,0,0,0,data scientist,na,M,72,121,10000000,25000000
Data Scientist,4.3,201 - 500 ,1969,Company - Private,IT Services,Information Technology,0,0,51,88,69.5,AZ,52,1,0,0,1,1,1,0,0,1,0,0,0,0,0,0,0,data scientist,na,na,51,88,50000000,100000000
Data Scientist (Warehouse Automation),3.8,201 - 500 ,2005,Subsidiary or Business Segment,Consumer Products Manufacturing,Manufacturing,0,0,79,127,103.0,CA,16,1,0,1,0,1,0,0,0,0,0,0,1,1,0,0,0,data scientist,na,M,79,127,25000000,50000000
Data Architect / Data Modeler,4.3,1001 - 5000 ,1999,Company - Public,Enterprise Software & Network Solutions,Information Technology,0,0,63,110,86.5,NY,22,0,0,1,1,1,0,0,0,0,0,0,0,0,0,0,0,data modeler,na,M,63,110,500000000,1000000000
Data Scientist,3.4,51 - 200 ,-1,Company - Private,IT Services,Information Technology,0,0,65,113,89.0,WA,21,0,0,0,0,0,0,0,0,0,0,0,0,0,0,0,0,data scientist,na,na,65,113,50000000,10000000
Data Engineer,3.9,201 - 500 ,2011,Company - Private,Internet,Information Technology,0,0,62,113,87.5,CA,10,1,0,1,1,1,0,0,0,0,0,0,0,0,0,0,0,data engineer,na,P,62,113,100000000,500000000
