job_title,Min Salary (L) P.A,Max Salary (L) P.A,Min experience,Max experience
Junior  Full Stack-Java or  Python,10,20,0,3
PHP  Android iosand Python Developer Seographic/web Designer,5,7,0,4
Providing Training AND Placements ON JAVA Testing DOT NET Python,0.5,3,0,0.5
Python & Network Engineer -  Freshers,3.5,7,0,4
Training And Internship in Python,1.25,1.75,0,0
Python - Bangalore/ Chennai / Madurai,5,10,0,3
L2 & L3 Network Protocol Testing using Python,8,18,1,6
Tcs IS Hiring Python Developers For PAN India Location,3,8,1,6
Hiring For Sr. Associate - SQL DWH Python || Bangalore ||,10,17,2,5
Hiring For Sr. Associate - Data Engineer(SQL-DWH-Python),10,17,2,5
Openings For Python Developers(Emagia Technology).,5,11,2,5
Full Stack Developer - Python / ASP.Net,3,6,2,4
Experienced Python Develop,6,16,2,7
Senior & Mid Level Python Developers,8,9,2,3
SSE - Python with Flask,10,14,2,4
Python developer with experience in Google cloud platform,5,10,2,6
Python Testing Java  .Net :- Urgent Requirement,6,9.5,2,7
Python Splunk Developer@Tech Mahindra,2.5,7.5,2,7
Senior Software Engineer- Python,8,13,2,5
SQL DW Python Consultant,15,22.5,3,6
Urgent Requirement For Sr.Python Developer,15,27.5,3,8
Python Develop. with NMS Jupyter/Notebook Req For Our US Client Immed,7,12,3,4
Senior Python/Odoo Developer,4,7,3,6
Looking For Python Django skills ( Immediate-15 days Candidate only),7,16,3,8
Immediate Requirement - Python Developer,16,20,3,6
Python Consultant,8,18,3,8
Urgent Requirement For Python Data Scientist For Remote,15,30,3,7
Automation VBA Analyst (Python),6,13,3,6
Urgent Openning For Python Developer with Leading MNC,10,20,3,8
Sr Data Engineer (Python AWS SQL),15,22.5,3,6
Data Analyst- Python & SQL(Remote-Anywhere in India),8,16,3,7
Python Developer Lead,4.535714286,9.678571429,3.714285714,7.285714286
Hiring Python Developers || Immediate To 30 days Joiners,12,17,4,9
AWS Python Developer,15,25,4,8
Python developer,9.5,12.5,4,5.5
Python developer + ip networking,0.5,0.8,4,5
QA Automation (C# I Java I Python I Ruby I JavaScript),7,13,4,9
Python Automation Engineer,5.625,13.125,4,8.5
SQL with Python Developer,0.5,3,4,9
Data Analyst - SQL / Tableau / Python / JavaScripting,10,14,4,6
Python Lead Developer (Full Stack) @ Hi-tech City Hyderabad!,5,15,4,8
Python + Microservices architect,10,20,4,9
Full Stack Python Developer,8.666666667,18.66666667,4,7
Hiring For Consultant -SQL DW Python || Bangalore,14,24,4,9
Python  Django Rest API(permanent Work from Home),8,18,4,8
TS - Python Developer(with jenkinsCICD),7,15,4,9
Hiring For Big Data with Python at Coforge,15,30,4,9
Sr. Python Developer,8,18,4,7
Data Science Specialist - ML/NLP with Python,10,20,4,9
Hiring Embedded Testers with Python Experience- *0 To 20 Days joiners,8.5,18.5,4,8
Senior Python Software Engineer,10,12,4,5
Python Developer,7.861111111,13.83333333,4.388888889,8.222222222
Unix/Linux scripting Python,4,5.5,5,7
Python Programmer,10,12,5,7
Sr. Data Engineer - Python/Pyspark/Scala.,12,17,5,8
Urgent Opening For Senior Python Developer_Group FiO India Pvt.Ltd.,6,15,5,10
Senior Odoo/Python Developer - Immediate Joiners ONLY,15,27.5,5,10
AM/Manager-Technology Faculty (Python SQL/Advanced SQL/PL-SQL),5,15,5,10
Opening For Sr. Python Developer with Education Company HyderabadWFO,10,20,5,10
AWS DevOps Engineer with Python,15,25,5,8
Data Engineer -  Python  Pyspark,18,32.5,5,10
Multiple openings For Python developer with reputed IT firm- Pan India,10,20,5,10
Python + Robot Automation (Hiring For MNC) (PAN India),12,20,5,8
Python Developer Javascript |Dell EMC |CTH Remote,10,20,5,9
we are looking For Python GCP_Infosys(Payroll of NIxsol ),0.5,1.5,5,10
Python Developers (Hiring For MNC),15,20,5,10
Python Developer Lead Hyderabad,20,32.5,5,10
Python Developers - MNC CO.,10,20,5,10
Tech Lead (Python Developer),13.33333333,21.33333333,5.333333333,8.333333333
Azure Python Developer,25,33.75,5.5,8
Azure Technical Specialist - ADB + Python / Scala / Spark,15,30,6,11
Senior Python Developer,35,55,6,11
Software Engineer Python Developer (AWS & OOPs),35,40,6,8
Python Api Developer,20,35,6,10
Python Application Developer GCP Kafka,10,14,6,11
Azure Data Engineer Python-Pyspark-WFH,20,35,6,11
Python Development- WIPRO(C2H)-Bangalore & Hyderabad.,5,9.5,6,8
H1B Visa- Python Developer-H1B Transfer Cases,0.95,1,7,12
Python AWS developer||Infosys||C2H,10,20,7,10
Python AWS_Developer / Infosys CTH - Remote,10,20,7,12
Hiring Python Web Developers || Immediate To 30 days Joiners,12,22,7,12
Senior Developer - Python / Data Science,18,30,7,12
Sr.Scientist-Scientist-Bioinformatics/Computational Biology/ Python R,18,25,7,12
Python Automation Test Engineer,18,25,8,10
Java with Python Developer-Bangalore,27.5,37.5,8,13
Python backend Developers,10,20,8,13
Python Django/Flask Developer,15,30,8,10
RPA Architect ( Automation Anywhere C#/ Python ),20,32.5,8,13
Remote Senior Python Developer:  Riktam:Hyderabad,10,20,9,14
Full-stack Python Architect,15,25,9,14
Data Science/ Python- Trainer,17,25,10,17
Hiring For Python Developer with Microservices,30,45,10,15
Python SDET or SDET Python-Remote till covid,20,25,10,17
