Rating,Company Name,Job Title,Salary (L)/Year,Location,Employment Status
3.9,Tata Consultancy Services,".NET Developer, Python",4.68,Bangalore,Full Time
3.8,Cognizant Technology Solutions,Advanced Python Developer,5.28,Hyderabad,Full Time
4.2,Contus,Applications Developer/Python Developer,1.92,Chennai,Full Time
3.9,Tata Consultancy Services,As A Python Developer,4.0,Bangalore,Full Time
3.9,Tata Consultancy Services,As A Python Developer,4.0,Hyderabad,Full Time
4.2,TechTree IT Systems,Associate Python Developer,6.0,Bangalore,Full Time
4.3,Fresher,Back-end Developer (Python Django),4.0,Hyderabad,Full Time
4.4,Xyram,Back-end Developer (Python Django),3.6,Bangalore,Full Time
3.5,Tenmiles,Backend Engineer (Python),6.0,Chennai,Full Time
3.7,HCL Technologies,"C Developer, Python Developer",5.0,Chennai,Full Time
3.3,PUJA DENTAL GROUP,C and Python Developer,2.16,Hyderabad,Full Time
3.8,VFI SLK,ETL Data engineer Python,4.0,Bangalore,Full Time
4.0,Magnum Technologies (NJ),Embedded Python Engineer,3.48,Bangalore,Full Time
4.4,Microsoft,Ethical Hacking and Python,9.36,Hyderabad,Full Time
4.4,Thorsignia,Full Stack Python Developer,12.0,Bangalore,Full Time
4.1,Fresher,Full Stack Python Developer,3.48,Bangalore,Full Time
4.1,First Student,Full Stack Python Developer,6.0,Hyderabad,Full Time
4.1,Software Developers,Full Stack Python Developer,3.36,Hyderabad,Full Time
3.6,Johnson Controls,Full Stack Python Developer,3.0,Bangalore,Full Time
4.1,TravalsIndia,Full Stack Python Developer,6.0,Hyderabad,Full Time
4.1,Ancdfan,Full Stack Python Developer,4.0,Hyderabad,Full Time
4.0,Nones,Full Stack Python Developer Contractor,0.6,Hyderabad,Contractor
4.5,Bain & Company,Good Scope As A Python Developer,12.0,Chennai,Full Time
4.5,Google,Good Scope As A Python Developer,1.0,Bangalore,Full Time
1.0,The Critical Slide Society,Good Scope As A Python Developer - Contractor,5.0,Bangalore,Contractor
3.8,Cognizant Technology Solutions,"Hadoop, Python, Jsp Servlet, C++ Developer - Intern",12.0,Chennai,Intern
4.0,Rehlat,Jr Python Developer,4.0,Hyderabad,Full Time
2.0,Innoovatum,Jr Python Developer,2.0,Bangalore,Full Time
4.0,The Sparks Foundation,Junior Developer - SQL/Python/Java/SAP ABAP,4.0,Hyderabad,Full Time
3.7,Qualitas Global Services,Junior Python Developer,5.0,Bangalore,Full Time
3.8,"City of Blue Mound, KS",Junior Python Developer,2.4,Bangalore,Full Time
4.1,Accenture,Junior Python Developer,3.24,Chennai,Full Time
3.9,arshasdsjddbsj,Junior Python Developer,2.0,Chennai,Full Time
4.1,Fresher,Junior Python Developer,3.0,Chennai,Full Time
3.9,Tata Consultancy Services,Junior Python Developer,4.0,Bangalore,Full Time
3.9,Tata Consultancy Services,Junior Python Developer,4.0,Hyderabad,Full Time
4.1,Fresher,Junior Python Developer,2.28,Hyderabad,Full Time
4.6,Cognism,Junior Python Developer,5.0,Hyderabad,Full Time
3.4,TKR College of Engineering & Technology,Junior Python Developer,7.0,Hyderabad,Full Time
3.0,A Plus Topper,Junior Python Developer,1.8,Hyderabad,Full Time
3.3,Knowx Innovations,Junior Python Developer,5.16,Bangalore,Full Time
3.6,HCL,Junior Python Developer,1.68,Hyderabad,Full Time
3.4,Cyient,Junior Python Developer,3.0,Hyderabad,Full Time
4.3,Fresher,Junior Python Developer,2.0,Hyderabad,Full Time
3.9,Fresher Zones,Junior Python Developer,3.6,Hyderabad,Full Time
4.3,Vidya Jyothi Institute of Technology,Junior Python Developer,3.96,Hyderabad,Full Time
3.3,VectraMind,Junior Python Developer,5.0,Hyderabad,Full Time
4.2,InfoLogitech,Junior Python Developer,4.0,Hyderabad,Full Time
4.1,First Student,Junior Python Developer,4.0,Hyderabad,Full Time
4.5,Google,Junior Python Developer,5.76,Hyderabad,Full Time
4.1,NorthSouth GIS,Junior Python Developer,3.12,Hyderabad,Full Time
4.0,InventaTeq,Junior Python Developer,2.52,Bangalore,Full Time
4.1,The First Years,Junior Python Developer,3.0,Hyderabad,Full Time
4.0,Anawall Labs,Junior Python Developer,3.48,Bangalore,Full Time
3.7,Virtusa,Junior Python Developer,3.48,Chennai,Full Time
4.0,Freshers.com,Junior Python Developer,1.0,Bangalore,Full Time
4.0,DONE by NONE,Junior Python Developer,1.92,Chennai,Full Time
3.6,HCL,Junior Python Developer,1.44,Chennai,Full Time
3.8,Capgemini,Junior Python Developer,3.0,Bangalore,Full Time
3.7,Neeyamo Enterprise Solutions,Junior Python Developer,2.0,Chennai,Full Time
4.0,Colan Infotech,Junior Python Developer,1.68,Chennai,Full Time
3.4,ELK Education Consultants,Junior Python Developer,3.0,Chennai,Full Time
4.0,Signals & Systems (India),Junior Python Developer,1.56,Chennai,Full Time
4.2,T-Machine Software Solutions,Junior Python Developer,2.0,Chennai,Full Time
4.0,DONE by NONE,Junior Python Developer,3.0,Bangalore,Full Time
4.0,Fresherworld.com,Junior Python Developer,2.04,Chennai,Full Time
4.1,Fresher,Junior Python Developer,2.0,Bangalore,Full Time
4.3,Fresher,Junior Python Developer,5.0,Bangalore,Full Time
4.3,Fresher,Junior Python Developer,4.0,Bangalore,Full Time
4.1,Other,Junior Python Developer,2.64,Bangalore,Full Time
3.9,Fresher Zones,Junior Python Developer,3.0,Bangalore,Full Time
3.2,Vijaya Management Services,Junior Python Developer,2.0,Bangalore,Full Time
4.5,Easybi Solutions,Junior Python Developer,5.0,Bangalore,Full Time
3.9,DigiAppStudio,Junior Python Developer,2.28,Chennai,Full Time
4.5,Alethea Communications Technologies,Junior Python Developer,3.0,Bangalore,Full Time
4.0,Dinesh M,Junior Python Developer,2.0,Bangalore,Full Time
4.0,sarangapani,Junior Python Developer,2.88,Bangalore,Full Time
3.9,Citi,Junior Python Developer - Intern,2.64,Bangalore,Intern
4.1,Tutedude,Junior Python Developer - Intern,1.2,Hyderabad,Intern
4.5,Google,Junior Python Developer - Intern,10.0,Hyderabad,Intern
4.5,LinkedIn,Junior Python Developer Contractor,6.0,Bangalore,Contractor
2.6,Yagna Technologies,Junior Python/Django Developer,1.44,Hyderabad,Full Time
3.8,Wipro,Junior Python/Django Developer,2.88,Bangalore,Full Time
3.0,A Plus Topper,Junior Python/Django Developer,2.0,Hyderabad,Full Time
4.8,Python Software Foundation,Junior Python/Django Developer,1.0,Hyderabad,Full Time
4.2,null (India),Junior Python/Django Developer,2.0,Hyderabad,Full Time
4.1,Fresher,Junior Python/Django Developer,2.28,Chennai,Full Time
3.7,HCL Technologies,Lead Engineer - Python,2.04,Chennai,Full Time
3.2,Zymergen,Lead Python Developer,16.0,Hyderabad,Full Time
4.7,ND Global Solutions,Lead Python Developer,12.0,Bangalore,Full Time
5.0,Arann Cyber tec,Lead Python Developer (Data Science),4.8,Chennai,Full Time
3.9,Tata Consultancy Services,ML Developer Python NLP,5.0,Chennai,Full Time
1.0,O’Toole Law Group,Middle Python Developer,5.0,Bangalore,Full Time
3.8,Wipro,Python,2.0,Chennai,Full Time
3.6,NBK,Python,2.0,Chennai,Full Time
3.8,LTI,Python,8.0,Bangalore,Full Time
3.5,GVS Group,Python,15.0,Hyderabad,Full Time
3.9,Teleperfomance,Python,2.52,Bangalore,Full Time
4.1,Fresher,Python,3.0,Bangalore,Full Time
3.3,Infosys,Python,5.64,Hyderabad,Full Time
3.9,Oracle,Python,4.0,Bangalore,Full Time
4.0,Nones,Python,8.32128,Bangalore,Full Time
4.1,First Student,Python,3.36,Bangalore,Full Time
4.1,NEDURI SRINIVAS,Python,3.0,Hyderabad,Full Time
3.4,Ahana Systems and Solutions,Python (AI/Ml) Developer,4.0,Bangalore,Full Time
3.8,Capgemini,Python (AI/Ml) Developer,10.0,Bangalore,Full Time
3.9,Tata Consultancy Services,Python (AI/Ml) Developer,7.0,Bangalore,Full Time
4.1,Siemens,Python (AI/Ml) Developer,8.04,Chennai,Full Time
4.4,doodleblue Innovations,Python - Internee,4.0,Chennai,Intern
3.7,JNTU College,Python - Internee - Intern,2.0,Hyderabad,Intern
3.7,Velocix Solutions,Python - Internee - Intern,2.88,Chennai,Intern
3.4,HPA Spaces,Python AI Developer,2.0,Bangalore,Full Time
3.9,Tata Consultancy Services,Python AI Developer,7.0,Bangalore,Full Time
3.0,Lincode,Python AI Developer - Intern,0.6,Bangalore,Intern
3.5,IDP Connect,Python AWS Developer,5.0,Chennai,Full Time
3.8,Wipro Technologies,Python AWS Developer,10.0,Bangalore,Full Time
3.9,Tata Consultancy Services,Python AWS Developer,1.8,Chennai,Full Time
3.8,LTI,Python AWS Developer,2.04,Bangalore,Full Time
4.0,Deloitte,Python AWS Developer,7.0,Hyderabad,Full Time
3.7,Ocwen Financial,Python Analyst,5.0,Bangalore,Full Time
3.7,Mphasis,Python Automation - Intern,10.0,Bangalore,Intern
3.7,Global Edge Software,Python Automation Engineer,6.0,Bangalore,Full Time
4.1,Sony,Python Automation Engineer,13.0,Bangalore,Full Time
3.9,Integra Micro Software Services (P),Python Automation Engineer,5.76,Bangalore,Full Time
4.0,GlobalLogic,Python Automation Engineer,14.0,Bangalore,Full Time
3.7,Larsen & Toubro,Python Automation Engineer,2.16,Bangalore,Full Time
3.8,Capgemini,Python Automation Engineer,3.0,Bangalore,Full Time
3.8,LTI,Python Automation Engineer,4.0,Bangalore,Full Time
3.9,Tata Consultancy Services,Python Automation Engineer,2.04,Bangalore,Full Time
4.8,Kartel Technosoft,Python Automation Engineer,2.16,Bangalore,Full Time
3.8,Wipro,Python Automation Engineer,14.0,Bangalore,Full Time
3.9,Tata Consultancy Services,Python Automation Engineer,6.0,Hyderabad,Full Time
3.7,HCL Technologies,Python Automation Engineer,6.0,Chennai,Full Time
5.0,Jet Software Solutions,Python Automation Engineer,4.0,Hyderabad,Full Time
4.0,Mindtree,Python Automation Engineer,6.0,Hyderabad,Full Time
3.8,Terralogic,Python Automation Engineer,8.0,Bangalore,Full Time
3.8,Cognizant Technology Solutions,Python Automation Engineer,5.0,Chennai,Full Time
3.6,Tech Mahindra,Python Automation Engineer,6.0,Bangalore,Full Time
3.7,Larsen & Toubro,Python Automation Engineer,8.0,Chennai,Full Time
4.1,TEKsystems,Python Automation Engineer - Contractor,11.0,Bangalore,Contractor
3.9,CitiusTech,Python Automation QA,11.4,Bangalore,Full Time
3.7,HCL Technologies,Python Automation QA,6.0,Bangalore,Full Time
4.3,Dell Technologies,Python Automation QA,12.0,Bangalore,Full Time
3.9,Tata Consultancy Services,Python Automation QA - Contractor,3.0,Bangalore,Contractor
4.1,Ericsson IT Solutions & Services,Python Automation Tester,7.0,Chennai,Full Time
4.0,Zebra Technologies,Python Automation Tester - Contractor,8.0,Bangalore,Contractor
4.1,660000,Python Backend Developer,7.0,Bangalore,Full Time
4.0,660000,Python Backend Developer,7.0,Bangalore,Full Time
3.7,HCL Technologies,Python Bigdata Engineer,16.0,Hyderabad,Full Time
4.5,IIT Madras,Python Content Developer,7.32,Chennai,Full Time
4.5,IIT Madras,Python Content Development In IIT Madras Online Degree,4.56,Chennai,Full Time
4.0,Evalueserve,Python Data scientist,15.0,Bangalore,Full Time
4.2,Attify,Python Developer,6.0,Bangalore,Full Time
4.8,Team 4 Progress Technologies,Python Developer,1.8,Bangalore,Full Time
3.6,JIM,Python Developer,5.0,Bangalore,Full Time
3.6,Logipro Software,Python Developer,7.68,Bangalore,Full Time
2.9,Juntran Technologies,Python Developer,5.28,Bangalore,Full Time
2.7,Aseuro Technologies,Python Developer,3.0,Bangalore,Full Time
3.7,Nandan Tech,Python Developer,5.76,Bangalore,Full Time
3.6,Naval Sea Systems Command,Python Developer,2.28,Bangalore,Full Time
5.0,MyDBOPS,Python Developer,3.0,Bangalore,Full Time
4.3,United Semicon Technologies,Python Developer,4.0,Bangalore,Full Time
2.0,Evenforce,Python Developer,6.0,Bangalore,Full Time
4.3,Techfino(India),Python Developer,6.0,Bangalore,Full Time
1.0,Benchire,Python Developer,24.0,Bangalore,Full Time
4.7,Walbrydge Technologies,Python Developer,9.0,Hyderabad,Full Time
3.0,Nsure Reliable Power Solutions,Python Developer,5.0,Bangalore,Full Time
4.0,Nones,Python Developer,3.6,Chennai,Full Time
2.4,Net Sys Technologies,Python Developer,3.0,Chennai,Full Time
4.1,Fresher,Python Developer,2.52,Chennai,Full Time
4.5,ESK Technologies,Python Developer,3.0,Hyderabad,Full Time
4.5,SoulPage IT Solutions,Python Developer,5.0,Hyderabad,Full Time
5.0,Codetru,Python Developer,4.0,Hyderabad,Full Time
4.2,Vivekananda College,Python Developer,4.0,Hyderabad,Full Time
4.5,IGeekS Technologies,Python Developer,1.44,Bangalore,Full Time
4.6,Loop Reality,Python Developer,4.08,Hyderabad,Full Time
4.3,Bhuvan Care,Python Developer,3.48,Hyderabad,Full Time
3.1,Norm Software,Python Developer,2.76,Hyderabad,Full Time
5.0,Pixuate,Python Developer,6.0,Bangalore,Full Time
3.8,EOS,Python Developer,4.0,Bangalore,Full Time
5.0,Acmeture,Python Developer,13.0,Bangalore,Full Time
3.7,Cocoslabs,Python Developer,6.0,Bangalore,Full Time
4.3,Sadia,Python Developer,1.0,Bangalore,Full Time
3.1,Preva Systems,Python Developer,4.0,Bangalore,Full Time
3.4,OyeSpace,Python Developer,3.0,Bangalore,Full Time
5.0,Tataatsu Idea Labs,Python Developer,7.0,Bangalore,Full Time
4.1,Pythonmate,Python Developer,5.0,Bangalore,Full Time
4.1,CONZUMEX INDUSTRIES,Python Developer,3.36,Bangalore,Full Time
4.1,B-Mates Technologies,Python Developer,4.92,Bangalore,Full Time
4.5,A2STAR Technologies,Python Developer,4.0,Bangalore,Full Time
3.8,StartUs Insights,Python Developer,8.00448,Bangalore,Full Time
4.3,Arilius Technologies,Python Developer,2.88,Bangalore,Full Time
4.7,Amsoft Global,Python Developer,3.48,Bangalore,Full Time
4.2,Verusys Software,Python Developer,2.0,Bangalore,Full Time
4.1,Satyukt,Python Developer,3.0,Bangalore,Full Time
3.7,Equinox,Python Developer,3.0,Bangalore,Full Time
4.4,Cosmic Strands,Python Developer,4.0,Bangalore,Full Time
4.1,IndusViva Healthsciences,Python Developer,4.2,Bangalore,Full Time
4.0,ANCIT Consulting,Python Developer,5.16,Bangalore,Full Time
3.3,Jeswin Technologies,Python Developer,3.24,Bangalore,Full Time
3.6,Varadhi Smartek,Python Developer,8.0,Bangalore,Full Time
4.7,Innomick Technologies,Python Developer,3.0,Hyderabad,Full Time
4.4,Almasons,Python Developer,4.0,Bangalore,Full Time
5.0,crossml,Python Developer,5.0,Bangalore,Full Time
4.0,KG IT Services,Python Developer,8.88,Bangalore,Full Time
3.8,Invensis Technologies Pvt,Python Developer,1.56,Bangalore,Full Time
5.0,4CRisk.ai,Python Developer,6.0,Bangalore,Full Time
2.0,Manyata,Python Developer,2.88,Bangalore,Full Time
4.9,Bluetick Consultants,Python Developer,8.0,Bangalore,Full Time
4.4,Bitstat Technologies,Python Developer,4.0,Bangalore,Full Time
2.9,The Art Institutes,Python Developer,10.3488,Hyderabad,Full Time
5.0,"Dr. Akhil Sharma, MD.",Python Developer,12.0,Hyderabad,Full Time
3.9,khumbu,Python Developer,4.0,Hyderabad,Full Time
3.9,Techstar Consulting,Python Developer,4.32,Hyderabad,Full Time
4.0,Phenom,Python Developer,5.76,Hyderabad,Full Time
3.7,None Such Farm,Python Developer,6.0,Hyderabad,Full Time
4.2,Employer Flexible,Python Developer,2.88,Hyderabad,Full Time
3.8,XYZ,Python Developer,8.0,Hyderabad,Full Time
4.9,ACI Infotech,Python Developer,5.76,Hyderabad,Full Time
3.9,Randstad,Python Developer,3.0,Hyderabad,Full Time
3.8,Wipro,Python Developer,3.36,Hyderabad,Full Time
3.9,Fresher Zones,Python Developer,3.0,Hyderabad,Full Time
4.1,Virtual Employee,Python Developer,1.68,Hyderabad,Full Time
3.9,Cognizant,Python Developer,8.0,Hyderabad,Full Time
4.1,Ford Motor Company,Python Developer,11.0,Hyderabad,Full Time
4.4,Osmania University,Python Developer,1.2,Hyderabad,Full Time
4.0,ValueLabs,Python Developer,0.84,Hyderabad,Full Time
4.8,Yugasa Software Labs,Python Developer,4.0,Hyderabad,Full Time
3.6,Inmar,Python Developer,10.0,Hyderabad,Full Time
4.0,Valethi Technologies,Python Developer,3.0,Hyderabad,Full Time
3.8,STAMPEDE Capital,Python Developer,3.0,Hyderabad,Full Time
3.3,FIN Infocom,Python Developer,4.56,Hyderabad,Full Time
4.0,Rehlat,Python Developer,7.0,Hyderabad,Full Time
3.5,Datapoint Info Solutions,Python Developer,1.8,Hyderabad,Full Time
4.2,Bit Hub Technology,Python Developer,3.48,Hyderabad,Full Time
4.2,Ikyam Solutions,Python Developer,9.0,Hyderabad,Full Time
4.8,Brio Technologies,Python Developer,4.0,Hyderabad,Full Time
4.0,Tectoro,Python Developer,12.0,Hyderabad,Full Time
3.6,Newbie,Python Developer,4.68,Bangalore,Full Time
3.9,BACKEND,Python Developer,4.0,Hyderabad,Full Time
4.6,Dr. B.V. Raju Institute of Technology,Python Developer,3.6,Hyderabad,Full Time
3.1,Tekskills,Python Developer,5.28,Hyderabad,Full Time
3.9,Confidential,Python Developer,2.88,Hyderabad,Full Time
4.2,Ciwin Systems,Python Developer,7.0,Hyderabad,Full Time
3.6,Hrishikesh Technologies,Python Developer,2.4,Hyderabad,Full Time
3.6,Saven Technologies,Python Developer,9.0,Hyderabad,Full Time
2.8,Pace Computer Solutions,Python Developer,3.0,Hyderabad,Full Time
4.1,John Meridian,Python Developer,15.0,Hyderabad,Full Time
4.2,MBR Informatics,Python Developer,7.56,Hyderabad,Full Time
5.0,Perfex Technologies,Python Developer,4.0,Hyderabad,Full Time
4.6,Defence Research & Development Laboratory,Python Developer,3.0,Hyderabad,Full Time
4.9,Datalysys,Python Developer,2.0,Hyderabad,Full Time
4.3,CloudFabrix,Python Developer,4.0,Hyderabad,Full Time
4.2,Horizon Informatic Services,Python Developer,4.0,Hyderabad,Full Time
4.0,Sagar Software Solutions,Python Developer,2.88,Hyderabad,Full Time
4.5,Ariqt,Python Developer,2.28,Hyderabad,Full Time
4.7,BYLD Group,Python Developer,6.0,Hyderabad,Full Time
3.5,NumberMall,Python Developer,6.0,Hyderabad,Full Time
4.1,Tecsec Technologies,Python Developer,7.0,Hyderabad,Full Time
4.6,Vrinda Techapps,Python Developer,4.0,Hyderabad,Full Time
3.6,Virgo,Python Developer,5.0,Hyderabad,Full Time
4.3,Screatives,Python Developer,2.0,Hyderabad,Full Time
4.2,Scottline,Python Developer,2.0,Hyderabad,Full Time
4.6,brandonline.io,Python Developer,1.32,Hyderabad,Full Time
3.6,Swan Environmental,Python Developer,6.0,Hyderabad,Full Time
4.7,PythonAnywhere,Python Developer,5.0,Hyderabad,Full Time
4.1,Merlin Softech & Telecom,Python Developer,4.0,Hyderabad,Full Time
4.3,Golden Sun Technology,Python Developer,4.0,Hyderabad,Full Time
4.8,Creditsafe Technology,Python Developer,12.0,Hyderabad,Full Time
4.0,Mindtree,Python Developer,6.0,Chennai,Full Time
3.8,ITON Corporation,Python Developer,2.64,Hyderabad,Full Time
4.3,Associated Engineering,Python Developer,3.0,Bangalore,Full Time
3.8,Future Focus Infotech,Python Developer,8.0,Bangalore,Full Time
4.5,RankItRight Media,Python Developer,9.12,Bangalore,Full Time
3.3,Mitel Networks,Python Developer,69.0,Bangalore,Full Time
4.1,ANSR Source,Python Developer,5.0,Bangalore,Full Time
3.8,Elmeasure,Python Developer,1.92,Bangalore,Full Time
4.1,MountBlue Technologies,Python Developer,4.0,Bangalore,Full Time
4.1,ABC Consultants,Python Developer,2.0,Bangalore,Full Time
3.8,Renault Nissan Automotive India,Python Developer,2.0,Bangalore,Full Time
3.4,TNQ Technologies,Python Developer,5.0,Bangalore,Full Time
3.6,Karur Vysya Bank,Python Developer,3.0,Bangalore,Full Time
3.8,Epsilon,Python Developer,3.0,Bangalore,Full Time
3.9,Baronford & Associates,Python Developer,4.56,Bangalore,Full Time
3.8,Trigent Software,Python Developer,6.0,Bangalore,Full Time
4.2,None of Your Business Boutique,Python Developer,11.76,Bangalore,Full Time
4.0,NOBODY,Python Developer,3.0,Bangalore,Full Time
3.7,Diverse Lynx,Python Developer,10.0,Bangalore,Full Time
4.1,Tejas Networks,Python Developer,3.96,Bangalore,Full Time
3.8,Udaan,Python Developer,4.0,Bangalore,Full Time
3.8,TE Connectivity,Python Developer,8.88,Bangalore,Full Time
3.3,Genius Consultants,Python Developer,6.0,Bangalore,Full Time
4.3,Linsyssoft Technologies,Python Developer,3.0,Bangalore,Full Time
4.8,Python Software Foundation,Python Developer,1.2,Bangalore,Full Time
4.3,Skylab Infotech,Python Developer,2.28,Bangalore,Full Time
5.0,Talent Zone Consultants,Python Developer,7.0,Bangalore,Full Time
3.9,Sabre,Python Developer,5.0,Bangalore,Full Time
4.0,Intelact Business Solutions,Python Developer,6.0,Bangalore,Full Time
4.0,na,Python Developer,5.88,Bangalore,Full Time
3.8,Inventeron Technologies And Business Solutions,Python Developer,2.0,Bangalore,Full Time
3.1,Ushodaya Enterprises,Python Developer,5.0,Hyderabad,Full Time
3.8,SanDisk,Python Developer,7.0,Bangalore,Full Time
3.7,SpanIdea,Python Developer,11.52,Bangalore,Full Time
3.8,DynPro,Python Developer,10.0,Bangalore,Full Time
4.5,TAFF Inc.,Python Developer,2.28,Bangalore,Full Time
3.8,Terralogic,Python Developer,3.0,Bangalore,Full Time
2.8,ZKTeco,Python Developer,29.0,Bangalore,Full Time
3.9,YouGov,Python Developer,6.0,Bangalore,Full Time
4.7,Aspion Technologies,Python Developer,2.4,Bangalore,Full Time
4.0,Visionpix Technologies,Python Developer,15.0,Bangalore,Full Time
2.4,Invensis Technologies,Python Developer,4.0,Bangalore,Full Time
3.9,EPAM Systems,Python Developer,30.0,Bangalore,Full Time
3.4,JAYESH,Python Developer,0.48,Bangalore,Full Time
4.2,Libre Wireless Technologies,Python Developer,6.0,Bangalore,Full Time
3.8,Ugam,Python Developer,4.0,Bangalore,Full Time
3.8,Wipro Digital,Python Developer,7.0,Bangalore,Full Time
4.3,Current,Python Developer,2.28,Bangalore,Full Time
4.1,TEKsystems,Python Developer,3.0,Bangalore,Full Time
4.0,Legato Health Technologies,Python Developer,5.0,Bangalore,Full Time
3.7,Huawei Technologies,Python Developer,3.0,Bangalore,Full Time
4.2,Ijona Services,Python Developer,1.92,Bangalore,Full Time
4.6,SLP Technologies,Python Developer,5.0,Bangalore,Full Time
4.3,Bot Mantra,Python Developer,3.0,Bangalore,Full Time
3.9,IRCLASS Systems and Solutions,Python Developer,7.0,Bangalore,Full Time
3.8,Not Applicable,Python Developer,3.0,Bangalore,Full Time
4.1,LabourNet,Python Developer,7.0,Bangalore,Full Time
3.9,XYZ Tech,Python Developer,2.16,Bangalore,Full Time
4.0,TheMathCompany,Python Developer,5.0,Bangalore,Full Time
4.2,BrickSteel Enterprises Infotech,Python Developer,7.0,Bangalore,Full Time
3.9,Impact Analytics,Python Developer,13.0,Bangalore,Full Time
4.0,Extreme Networks,Python Developer,1.2,Bangalore,Full Time
3.1,EducationZen,Python Developer,5.0,Bangalore,Full Time
4.4,Orbinet Technologies,Python Developer,4.0,Bangalore,Full Time
3.5,Sameer Services Solutions,Python Developer,7.0,Bangalore,Full Time
4.0,Kautilya Management Consultants,Python Developer,24.0,Bangalore,Full Time
5.0,VRBOTZ,Python Developer,3.48,Bangalore,Full Time
4.0,ramsai,Python Developer,4.0,Bangalore,Full Time
4.0,Dobariya Rahul,Python Developer,14.0,Bangalore,Full Time
4.0,Narendran DN,Python Developer,1.92,Bangalore,Full Time
4.7,Brightblue Consulting,Python Developer,7.0,Bangalore,Full Time
5.0,Mindvision Technologies,Python Developer,4.08,Bangalore,Full Time
2.8,Aburi,Python Developer,6.0,Bangalore,Full Time
4.0,AIZEL,Python Developer,6.0,Bangalore,Full Time
4.3,Ruckus Network,Python Developer,11.0,Bangalore,Full Time
4.0,Chinmaya Vidyalaya,Python Developer,4.0,Bangalore,Full Time
4.0,instrudoc,Python Developer,6.0,Bangalore,Full Time
4.0,Ritik Mehta,Python Developer,3.0,Bangalore,Full Time
1.0,PRIME SHIP,Python Developer,1.2,Bangalore,Full Time
4.0,Alagesh,Python Developer,3.0,Bangalore,Full Time
4.0,9Bits,Python Developer,4.0,Bangalore,Full Time
5.0,IOTinterCON,Python Developer,4.0,Bangalore,Full Time
4.0,Aizel technologies,Python Developer,5.0,Bangalore,Full Time
4.0,Upparext Solutions,Python Developer,1.68,Bangalore,Full Time
3.9,Crediwatch,Python Developer,9.0,Bangalore,Full Time
4.3,Kainos,Python Developer,4.0,Bangalore,Full Time
4.6,ValueLeaf Services,Python Developer,4.0,Bangalore,Full Time
4.8,6sense,Python Developer,12.0,Bangalore,Full Time
4.3,314e,Python Developer,4.68,Bangalore,Full Time
4.1,Codeyoung,Python Developer,6.6528,Bangalore,Full Time
3.5,RepuSight,Python Developer,4.0,Bangalore,Full Time
4.1,eSthenos Technologies,Python Developer,6.0,Bangalore,Full Time
4.0,Java Teacher,Python Developer,6.0,Bangalore,Full Time
4.3,Ennoventure,Python Developer,10.0,Bangalore,Full Time
4.3,Zyte,Python Developer,0.24,Bangalore,Full Time
4.0,Present Mirror,Python Developer,9.84,Bangalore,Full Time
3.0,Pychamp,Python Developer,6.0,Bangalore,Full Time
3.8,Sachirva Technology Solutions,Python Developer,4.0,Bangalore,Full Time
5.0,Liradolf,Python Developer,5.76,Bangalore,Full Time
1.0,datadecode.ai,Python Developer,5.28,Bangalore,Full Time
4.6,AEye SoftLabs,Python Developer,6.0,Bangalore,Full Time
4.1,Altivo Information Technologies,Python Developer,5.0,Bangalore,Full Time
4.1,GeoSpark,Python Developer,5.0,Bangalore,Full Time
4.0,UV Infratech,Python Developer,6.0,Bangalore,Full Time
4.3,ISIRI Technologies,Python Developer,8.0,Bangalore,Full Time
4.3,Baryons Software Solutions,Python Developer,2.0,Bangalore,Full Time
4.4,Karthik Group,Python Developer,3.0,Bangalore,Full Time
3.7,Wisdomleaf Technologies,Python Developer,4.0,Bangalore,Full Time
4.1,Primenumbers Technologies,Python Developer,7.0,Bangalore,Full Time
4.5,hedgehog lab,Python Developer,6.0,Bangalore,Full Time
4.7,91social,Python Developer,1.8,Bangalore,Full Time
3.7,Headrun Technologies,Python Developer,4.0,Bangalore,Full Time
3.5,triSys IT Services,Python Developer,4.0,Bangalore,Full Time
3.9,Cientra,Python Developer,6.0,Bangalore,Full Time
4.2,Fubeus Technology,Python Developer,3.0,Bangalore,Full Time
4.9,ACI Infotech,Python Developer,5.0,Bangalore,Full Time
4.7,Scoop Technologies (India),Python Developer,13.0,Bangalore,Full Time
3.8,Powerupcloud Technologies,Python Developer,6.0,Bangalore,Full Time
5.0,Gear6,Python Developer,2.0,Bangalore,Full Time
4.5,Pecten,Python Developer,6.0,Bangalore,Full Time
3.9,Mahiti Infotech,Python Developer,4.0,Bangalore,Full Time
2.0,Bij Ons Vintage,Python Developer,6.0,Bangalore,Full Time
4.0,CPAS Technologies,Python Developer,4.0,Bangalore,Full Time
4.0,Confluex Marketing,Python Developer,2.4,Bangalore,Full Time
4.1,Vinsinfo,Python Developer,6.0,Hyderabad,Full Time
5.0,Healimpilo,Python Developer,5.76,Bangalore,Full Time
4.2,Sailotech,Python Developer,4.0,Hyderabad,Full Time
4.2,Startup,Python Developer,5.28,Chennai,Full Time
3.8,Anna University,Python Developer,7.0,Chennai,Full Time
3.9,GAVS Technologies,Python Developer,3.0,Chennai,Full Time
3.8,Allegis Group,Python Developer,4.0,Chennai,Full Time
3.9,SRM Institute of Science and Technology,Python Developer,6.0,Chennai,Full Time
3.7,Diverse Lynx,Python Developer,10.0,Chennai,Full Time
4.2,Im a fresher stop asking me,Python Developer,1.68,Chennai,Full Time
3.7,NTT Ltd.,Python Developer,2.28,Chennai,Full Time
5.0,Emico Solutions,Python Developer,1.68,Chennai,Full Time
4.0,Minerva Soft,Python Developer,1.56,Chennai,Full Time
3.9,NO,Python Developer,3.0,Chennai,Full Time
4.1,Marolix Technology Solutions,Python Developer,1.0,Hyderabad,Full Time
4.4,FreshersLive,Python Developer,2.112,Chennai,Full Time
4.3,Fresher,Python Developer,3.0,Hyderabad,Full Time
3.8,CGI,Python Developer,7.0,Hyderabad,Full Time
3.8,Capgemini,Python Developer,7.0,Hyderabad,Full Time
5.0,Tweak Talent Technologies,Python Developer,4.0,Hyderabad,Full Time
3.4,Exponential Machines,Python Developer,2.0,Hyderabad,Full Time
4.2,Aptagrim Consulting,Python Developer,4.0,Hyderabad,Full Time
4.0,Freshers.com,Python Developer,1.44,Hyderabad,Full Time
4.6,Python Developer,Python Developer,5.76,Hyderabad,Full Time
4.0,TCS,Python Developer,3.0,Hyderabad,Full Time
4.1,IBM,Python Developer,3.0,Hyderabad,Full Time
3.8,Amazon,Python Developer,5.04,Hyderabad,Full Time
3.8,Wipro,Python Developer,3.0,Hyderabad,Full Time
4.1,First Student,Python Developer,2.28,Hyderabad,Full Time
4.0,Fresherworld.com,Python Developer,1.8,Hyderabad,Full Time
4.1,Software Developers,Python Developer,1.2,Chennai,Full Time
3.8,DynPro,Python Developer,14.0,Chennai,Full Time
4.1,BrightChamps,Python Developer,4.0,Chennai,Full Time
3.0,Sparky Animation,Python Developer,6.0,Chennai,Full Time
3.0,Auxo Technology Labs,Python Developer,1.0,Chennai,Full Time
3.7,ABCD Technology,Python Developer,5.0,Chennai,Full Time
4.3,Quality Engineering,Python Developer,3.0,Chennai,Full Time
3.9,Verizon,Python Developer,6.0,Chennai,Full Time
3.4,R.R. Donnelley,Python Developer,2.0,Chennai,Full Time
3.9,Fresher Zones,Python Developer,1.8,Chennai,Full Time
4.1,Ford Motor Company,Python Developer,5.0,Chennai,Full Time
3.8,Anonymous,Python Developer,2.0,Chennai,Full Time
3.9,ABCDEF,Python Developer,6.0,Chennai,Full Time
4.3,BA Continuum India,Python Developer,9.0,Chennai,Full Time
4.0,Bank of America,Python Developer,20.4864,Chennai,Full Time
4.0,GainInsights Solutions,Python Developer,7.0,Chennai,Full Time
4.2,YES,Python Developer,3.0,Chennai,Full Time
4.2,YES,Python Developer,2.28,Chennai,Full Time
3.9,Yes Bank,Python Developer,2.4,Chennai,Full Time
3.6,BNY Mellon,Python Developer,5.0,Chennai,Full Time
3.8,Anonymous Content,Python Developer,6.0,Bangalore,Full Time
3.7,Virtusa,Python Developer,8.0,Chennai,Full Time
4.2,Freelancer,Python Developer,1.8,Chennai,Full Time
3.8,Ramco Systems,Python Developer,1.2,Chennai,Full Time
4.3,Fresher Than Fresh,Python Developer,2.28,Chennai,Full Time
3.6,HTC Global Services,Python Developer,4.0,Chennai,Full Time
4.0,Saint-Gobain,Python Developer,2.28,Chennai,Full Time
3.1,IndiaProperty,Python Developer,6.0,Chennai,Full Time
3.7,Campagna Plumbing,Python Developer,3.0,Chennai,Full Time
4.4,doodleblue Innovations,Python Developer,2.0,Chennai,Full Time
4.8,Python Software Foundation,Python Developer,1.2,Hyderabad,Full Time
3.6,Sruthi HR Solutions,Python Developer,2.0,Chennai,Full Time
4.1,Fresher,Python Developer,2.0,Hyderabad,Full Time
3.9,Idoow,Python Developer,2.88,Hyderabad,Full Time
3.9,KARTHICK AMARNATH,Python Developer,4.0,Chennai,Full Time
3.8,Baskara Constructions,Python Developer,1.0,Chennai,Full Time
3.9,Bell Granito Ceramic,Python Developer,4.56,Chennai,Full Time
4.1,Blessing Health System,Python Developer,9.0,Chennai,Full Time
2.7,Lendmart,Python Developer,4.0,Chennai,Full Time
3.9,TeckZy Research Analytics IT Solutions Pvt. Ltd.,Python Developer,0.96,Chennai,Full Time
3.9,Gnanakumar,Python Developer,5.0,Chennai,Full Time
3.7,HCL Technologies,Python Developer,8.0,Bangalore,Full Time
3.5,L&T Technology Services,Python Developer,7.0,Bangalore,Full Time
4.0,DONE by NONE,Python Developer,3.0,Bangalore,Full Time
3.9,ABC,Python Developer,3.0,Bangalore,Full Time
4.0,Deloitte,Python Developer,9.0,Bangalore,Full Time
3.8,FIS,Python Developer,8.0,Bangalore,Full Time
3.6,Tech Mahindra,Python Developer,5.0,Bangalore,Full Time
3.9,EY,Python Developer,7.0,Bangalore,Full Time
3.8,NTT DATA,Python Developer,8.0,Bangalore,Full Time
4.3,Dell Technologies,Python Developer,6.0,Bangalore,Full Time
3.9,KPMG,Python Developer,15.0,Bangalore,Full Time
4.5,Google,Python Developer,2.28,Bangalore,Full Time
4.5,Google,Python Developer,5.0,Bangalore,Full Time
3.9,Reliance Industries,Python Developer,5.0,Bangalore,Full Time
3.8,Wipro Technologies,Python Developer,4.0,Bangalore,Full Time
4.2,Freelancer,Python Developer,2.28,Bangalore,Full Time
3.8,Tata Consultancy Services (North America),Python Developer,4.0,Bangalore,Full Time
3.2,RecoSense Infosolutions,Python Developer,4.0,Bangalore,Full Time
4.1,Digital Lync,Python Developer,6.0,Hyderabad,Full Time
3.9,Oracle,Python Developer,10.0,Bangalore,Full Time
4.0,Fresherworld.com,Python Developer,2.0,Bangalore,Full Time
4.2,YES,Python Developer,4.0,Bangalore,Full Time
3.8,Sutherland,Python Developer,0.46464,Bangalore,Full Time
3.3,Infosys,Python Developer,2.0,Hyderabad,Full Time
4.3,Cisco Systems,Python Developer,2.28,Hyderabad,Full Time
4.1,Coforge,Python Developer,6.0,Hyderabad,Full Time
3.9,Yes Bank,Python Developer,6.0,Hyderabad,Full Time
4.1,EMPLOYERS,Python Developer,5.0,Hyderabad,Full Time
3.7,Virtusa,Python Developer,3.12,Hyderabad,Full Time
4.2,Freelancer,Python Developer,0.29568,Hyderabad,Full Time
3.8,Wipro Technologies,Python Developer,8.0,Hyderabad,Full Time
3.7,Mphasis,Python Developer,5.88,Hyderabad,Full Time
4.1,First Student,Python Developer,5.88,Hyderabad,Full Time
4.4,Gridlex,Python Developer,5.0,Hyderabad,Full Time
4.0,Deloitte,Python Developer,5.0,Hyderabad,Full Time
3.7,HCL Technologies,Python Developer,3.0,Hyderabad,Full Time
4.1,Accenture,Python Developer,6.0,Hyderabad,Full Time
5.0,Esperanza Tech,Python Developer,1.2,Hyderabad,Full Time
4.1,Aodh Intelligence,Python Developer,2.0,Hyderabad,Full Time
3.5,Next Click Info Solutions,Python Developer,4.0,Hyderabad,Full Time
4.3,Agiliq Info Solutions India,Python Developer,4.0,Hyderabad,Full Time
3.9,Digimantra Technologies,Python Developer,1.68,Chennai,Full Time
3.6,Tech Mahindra,Python Developer,4.0,Hyderabad,Full Time
3.9,Tata Consultancy Services,Python Developer,2.0,Hyderabad,Full Time
3.6,Société Générale,Python Developer,5.04,Bangalore,Full Time
4.0,Nones,Python Developer,2.88,Bangalore,Full Time
4.5,Zoho,Python Developer,9.0,Bangalore,Full Time
3.7,ITC Infotech,Python Developer,11.0,Bangalore,Full Time
3.9,IQVIA,Python Developer,3.96,Bangalore,Full Time
4.1,EMPLOYERS,Python Developer,3.0,Bangalore,Full Time
4.2,AlgonoX Technologies,Python Developer,4.0,Hyderabad,Full Time
2.9,SeaAnt,Python Developer,4.0,Chennai,Full Time
4.3,Freshworks,Python Developer,2.52,Chennai,Full Time
3.8,Continental Technology Solutions,Python Developer,1.56,Chennai,Full Time
3.3,Infosys,Python Developer,2.0,Bangalore,Full Time
4.1,Fresher,Python Developer,1.2,Bangalore,Full Time
3.8,Cognizant Technology Solutions,Python Developer,3.0,Bangalore,Full Time
4.1,Accenture,Python Developer,1.0,Bangalore,Full Time
4.0,Fresherworld.com,Python Developer,2.0,Bangalore,Full Time
4.6,Palle Technology,Python Developer,1.2,Bangalore,Full Time
3.7,Mphasis,Python Developer,3.0,Bangalore,Full Time
4.1,First Student,Python Developer,3.0,Bangalore,Full Time
4.0,Mindtree,Python Developer,0.84,Bangalore,Full Time
4.0,TCS,Python Developer,1.92,Bangalore,Full Time
4.0,UST,Python Developer,5.0,Bangalore,Full Time
4.3,Fresher,Python Developer,4.0,Bangalore,Full Time
3.8,3Embed Software Technologies,Python Developer,2.0,Bangalore,Full Time
4.1,Dhyram,Python Developer,4.0,Hyderabad,Full Time
4.4,S2 Holding,Python Developer,4.56,Hyderabad,Full Time
4.1,Shalom Enterprises,Python Developer,2.4,Hyderabad,Full Time
4.4,ABGI Group,Python Developer,6.36,Chennai,Full Time
4.0,Medeaz,Python Developer,1.44,Hyderabad,Full Time
3.5,Jala Technologies,Python Developer,10.0,Hyderabad,Full Time
3.5,Key Software Solutions,Python Developer,5.0,Hyderabad,Full Time
5.0,Genesis 7 Solutions,Python Developer,3.0,Hyderabad,Full Time
2.6,Python Engenharia,Python Developer,3.48,Hyderabad,Full Time
5.0,Pebblebridge Technologies,Python Developer,3.0,Hyderabad,Full Time
3.0,BSD Enterprise,Python Developer,6.0,Hyderabad,Full Time
4.5,Raven Innovations,Python Developer,1.2,Hyderabad,Full Time
4.1,B,Python Developer,8.0,Hyderabad,Full Time
5.0,Arka Technology Innovation and Software Systems,Python Developer,7.0,Hyderabad,Full Time
3.8,Capgemini,Python Developer,3.0,Bangalore,Full Time
4.6,Pentalog,Python Developer,3.0,Hyderabad,Full Time
3.8,Wipro,Python Developer,2.0,Bangalore,Full Time
4.8,Python Software Foundation,Python Developer,2.52,Bangalore,Full Time
3.7,Secure-24,Python Developer,11.0,Hyderabad,Full Time
4.0,Vengai Software Solutions,Python Developer,4.0,Hyderabad,Full Time
4.7,MicroSpark Software Solutions,Python Developer,4.0,Hyderabad,Full Time
3.8,Ahex Technologies,Python Developer,6.0,Hyderabad,Full Time
5.0,iCompaas,Python Developer,7.0,Hyderabad,Full Time
4.3,Perito Cyber Management,Python Developer,5.0,Hyderabad,Full Time
4.0,Saraswathi Vidyalaya,Python Developer,2.0,Hyderabad,Full Time
3.9,Kyndryl,Python Developer,4.0,Bangalore,Full Time
3.5,DXC Technology,Python Developer,4.0,Bangalore,Full Time
3.8,CGI,Python Developer,5.0,Bangalore,Full Time
4.1,Robert Bosch India,Python Developer,2.16,Bangalore,Full Time
4.0,Nones,Python Developer,7.0,Bangalore,Full Time
4.0,Freshers.com,Python Developer,1.8,Bangalore,Full Time
3.9,ABCDEF,Python Developer,4.0,Bangalore,Full Time
4.3,Fresher Than Fresh,Python Developer,1.8,Bangalore,Full Time
4.0,Infiniti Research,Python Developer,3.96,Bangalore,Full Time
4.1,IBM,Python Developer,3.6,Bangalore,Full Time
4.3,Accion Labs,Python Developer,8.0,Bangalore,Full Time
3.9,ASM Technologies,Python Developer,2.88,Bangalore,Full Time
4.4,Knowledge Lens,Python Developer,3.6,Bangalore,Full Time
4.9,Fyers,Python Developer,3.0,Bangalore,Full Time
3.9,Tata Consultancy Services,Python Developer,5.0,Bangalore,Full Time
3.3,Infosys,Python Developer,3.0,Bangalore,Full Time
5.0,DJJ Precision Engineering,Python Developer,2.28,Hyderabad,Full Time
3.9,Genpact,Python Developer,7.0,Bangalore,Full Time
3.9,Tata Consultancy Services,Python Developer,1.2,Bangalore,Full Time
4.0,Softmind Informatics,Python Developer,6.24,Hyderabad,Full Time
3.9,Tata Consultancy Services,Python Developer,2.0,Bangalore,Full Time
4.1,ZSoft Technology Service,Python Developer,4.68,Hyderabad,Full Time
4.7,W3C Group of Solutions,Python Developer,6.24,Hyderabad,Full Time
2.7,Adwaita Solutions,Python Developer,8.0,Hyderabad,Full Time
5.0,BICS Global,Python Developer,4.0,Chennai,Full Time
4.4,Surya Informatics,Python Developer,1.2,Chennai,Full Time
3.7,LIVEWIRE (India),Python Developer,1.2,Chennai,Full Time
4.6,Tychon Solutions,Python Developer,6.0,Chennai,Full Time
4.4,Namecheap,Python Developer,3.6,Chennai,Full Time
4.3,10Decoders Consultancy Services,Python Developer,1.32,Chennai,Full Time
3.8,Kaleesuwari Refinery,Python Developer,2.0,Chennai,Full Time
4.3,System Engineering,Python Developer,3.96,Chennai,Full Time
4.5,ionixx technologies,Python Developer,8.0,Chennai,Full Time
3.8,Blackstraw,Python Developer,9.0,Chennai,Full Time
2.9,MykroTech Software Solutions,Python Developer,3.0,Hyderabad,Full Time
4.6,Python Developer,Python Developer,3.96,Chennai,Full Time
3.5,Experience.com,Python Developer,3.0,Chennai,Full Time
3.8,Tenth Planet,Python Developer,2.0,Chennai,Full Time
3.5,ARC International Fertility and Research Centre,Python Developer,2.52,Chennai,Full Time
5.0,Pinnacle CSS,Python Developer,1.68,Chennai,Full Time
3.8,HertzAI,Python Developer,2.0,Chennai,Full Time
3.9,Retech Solutions,Python Developer,2.0,Chennai,Full Time
5.0,Arann Cyber tec,Python Developer,2.76,Chennai,Full Time
4.5,Reckonsys,Python Developer,6.0,Bangalore,Full Time
4.6,Duta,Python Developer,1.0,Chennai,Full Time
4.0,Sreenu Technologies,Python Developer,5.0,Chennai,Full Time
3.2,ACT Plast Paints,Python Developer,1.0,Chennai,Full Time
3.0,Kripya Engineering,Python Developer,4.0,Chennai,Full Time
3.2,Autointelli,Python Developer,5.16,Chennai,Full Time
4.0,Vsolv Engineering,Python Developer,3.0,Chennai,Full Time
4.3,Self Opportunity,Python Developer,2.28,Hyderabad,Full Time
3.7,Contizant,Python Developer,3.0,Chennai,Full Time
3.9,Poorvika Mobiles,Python Developer,3.0,Chennai,Full Time
3.4,ELK Education Consultants,Python Developer,3.12,Chennai,Full Time
3.6,Suwanee Technologies,Python Developer,3.0,Hyderabad,Full Time
4.7,PipeCandy,Python Developer,5.0,Chennai,Full Time
3.6,bop,Python Developer,10.0,Hyderabad,Full Time
4.1,vihari software solutions,Python Developer,1.2,Hyderabad,Full Time
1.5,Octohub Technologies,Python Developer,1.32,Hyderabad,Full Time
4.1,Expedite Global Logistics,Python Developer,8.0,Hyderabad,Full Time
4.1,Vscale Consulting,Python Developer,4.0,Hyderabad,Full Time
4.1,Plc programming,Python Developer,5.0,Hyderabad,Full Time
4.1,Oscorp Information Systems,Python Developer,3.84,Hyderabad,Full Time
4.8,ribot,Python Developer,1.0,Hyderabad,Full Time
5.0,Raltin,Python Developer,4.0,Hyderabad,Full Time
3.0,Trueway Systems,Python Developer,6.0,Hyderabad,Full Time
4.5,TechStaX,Python Developer,2.88,Hyderabad,Full Time
3.8,CoArtha Technosolutions,Python Developer,4.0,Hyderabad,Full Time
5.0,Blue Ribbon Technology,Python Developer,1.0,Hyderabad,Full Time
4.1,sadfsdafsdaffsdaf,Python Developer,5.0,Hyderabad,Full Time
3.8,Spiceblue,Python Developer,3.6,Chennai,Full Time
3.4,Cyient,Python Developer,1.8,Hyderabad,Full Time
4.0,Freshers.com,Python Developer,3.48,Hyderabad,Full Time
5.0,HVS Technologies,Python Developer,10.0,Hyderabad,Full Time
3.8,Anonymous Content,Python Developer,2.88,Hyderabad,Full Time
4.1,DataPot,Python Developer,3.0,Hyderabad,Full Time
4.6,Intuites,Python Developer,2.04,Hyderabad,Full Time
4.0,CloudNext,Python Developer,2.04,Hyderabad,Full Time
3.5,eGrove Systems,Python Developer,8.0,Chennai,Full Time
4.0,Codebook,Python Developer,2.0,Hyderabad,Full Time
2.8,MHN,Python Developer,2.0,Hyderabad,Full Time
4.1,Hhgg,Python Developer - Contractor,7.0,Hyderabad,Contractor
4.3,Cisco Systems,Python Developer - Contractor,12.0,Bangalore,Contractor
3.8,Trigent Software,Python Developer - Contractor,5.0,Bangalore,Contractor
4.5,Narvar,Python Developer - Contractor,6.0,Bangalore,Contractor
4.3,Cisco Systems,Python Developer - Contractor,8.0,Hyderabad,Contractor
4.1,Siemens,Python Developer - Contractor,3.0,Bangalore,Contractor
4.2,HR Square,Python Developer - Contractor,4.0,Bangalore,Contractor
4.4,Origin To Future,Python Developer - Contractor,5.0,Hyderabad,Contractor
4.2,o9 Solutions,Python Developer - Contractor,9.0,Bangalore,Contractor
4.2,iLaczen,Python Developer - Intern,0.96,Bangalore,Intern
3.7,Global Energy India,Python Developer - Intern,2.0,Bangalore,Intern
3.3,ShieldSquare,Python Developer - Intern,2.04,Bangalore,Intern
3.9,cppsecrets.com,Python Developer - Intern,1.0,Bangalore,Intern
2.4,Praktice Ai,Python Developer - Intern,2.76,Bangalore,Intern
4.1,Fresher,Python Developer - Intern,1.2,Bangalore,Intern
4.3,Fresher,Python Developer - Intern,3.48,Bangalore,Intern
4.1,First Student,Python Developer - Intern,6.0,Bangalore,Intern
4.0,kf ihqif,Python Developer - Intern,3.0,Bangalore,Intern
4.9,Fyers,Python Developer - Intern,1.08,Bangalore,Intern
4.4,Knowledge Lens,Python Developer - Intern,5.0,Bangalore,Intern
4.1,Satyukt,Python Developer - Intern,1.44,Bangalore,Intern
3.1,Bluebird Soft,Python Developer - Intern,2.28,Bangalore,Intern
4.2,Kramah Software,Python Developer - Intern,4.0,Bangalore,Intern
3.9,Brisa Technologies,Python Developer - Intern,1.32,Bangalore,Intern
3.5,FinMomenta,Python Developer - Intern,3.36,Chennai,Intern
3.9,Integra Automation(Chennai),Python Developer - Intern,4.0,Chennai,Intern
3.8,CGI,Python Developer - Intern,2.4,Bangalore,Intern
4.1,First Student,Python Developer - Intern,1.0,Hyderabad,Intern
4.6,Tivona,Python Developer - Intern,1.68,Chennai,Intern
3.7,ZestIOT,Python Developer - Intern,1.2,Hyderabad,Intern
4.3,Full Creative,Python Developer - Intern,3.0,Chennai,Intern
3.8,Terralogic,Python Developer - Intern,2.0,Bangalore,Intern
4.7,Chattel Technologies,Python Developer - Intern,2.28,Bangalore,Intern
4.0,ABB,Python Developer - Intern,1.0,Bangalore,Intern
4.5,Pecten,Python Developer - Intern,1.2,Bangalore,Intern
4.0,Rajesh Exports,Python Developer - Intern,4.0,Hyderabad,Intern
4.2,Aptagrim Consulting,Python Developer - Intern,1.2,Hyderabad,Intern
3.9,ABC,Python Developer - Intern,3.0,Chennai,Intern
3.4,Vedantu,Python Developer - Intern,10.0,Bangalore,Intern
4.0,Network Academy,Python Developer - Intern,2.28,Bangalore,Intern
4.1,Shell,Python Developer - Intern,1.0,Bangalore,Intern
4.6,SKaaS,Python Developer - Intern,2.4,Bangalore,Intern
4.2,Lintel Technologies,Python Developer - Intern,3.24,Hyderabad,Intern
4.0,IBM,Python Developer - Intern,1.2,Bangalore,Intern
3.5,Calsoft,Python Developer - Intern,2.76,Chennai,Intern
3.5,ICU Medical,Python Developer - Intern,2.52,Chennai,Intern
4.1,Technoidentity Solutions,Python Developer - Intern,1.68,Hyderabad,Intern
4.3,Defence Research & Development Organisation,Python Developer - Intern,3.24,Bangalore,Intern
3.2,Filed,Python Developer Contractor,6.96,Bangalore,Contractor
3.6,Quess,Python Developer Contractor,2.4,Hyderabad,Contractor
5.0,Tweak Talent Technologies,Python Developer Contractor,4.2,Hyderabad,Contractor
4.8,Applied Data Finance,Python Developer Contractor,3.48,Chennai,Contractor
4.1,Accenture,Python Developer Contractor,5.28,Bangalore,Contractor
4.1,EMPLOYERS,Python Developer Contractor,5.64,Hyderabad,Contractor
3.6,Quality,Python Developer Fresher,2.0,Chennai,Full Time
3.3,Infosys,Python Developer Fresher,2.88,Hyderabad,Full Time
3.9,The Others,Python Developer Fresher,2.4,Hyderabad,Full Time
4.0,Freshers.com,Python Developer Fresher,1.68,Hyderabad,Full Time
4.8,Python Software Foundation,Python Developer Fresher,2.88,Hyderabad,Full Time
3.3,Robotix Learning Solutions,Python Developer Trainee,1.32,Chennai,Trainee
4.1,First Student,"Python Developer, Data Science",4.0,Bangalore,Full Time
3.7,HCL Technologies,"Python Developer, Data Science",6.0,Bangalore,Full Time
4.1,Innvectra Info Solutions,Python Developer/Nodejs Developer,8.0,Hyderabad,Full Time
4.1,Accenture,Python Developer/Plsql Developer,5.0,Bangalore,Full Time
3.9,Brisa Technologies,Python DeveloperPosition - Intern,1.2,Bangalore,Intern
4.1,KoiReader Technologies,Python Development - Intern,1.2,Bangalore,Intern
4.5,Homeflic Wegrow,Python Devolper,12.39744,Hyderabad,Full Time
4.2,EdYoda,Python Django Developer Trainee - Intern,0.6,Bangalore,Intern
3.9,Tata Consultancy Services,Python Engineer,5.76,Bangalore,Full Time
4.3,MSys Technologies,Python Engineer,12.0,Chennai,Full Time
5.0,ency,Python Engineer,6.0,Chennai,Full Time
3.6,Hetero,Python Engineer,4.0,Hyderabad,Full Time
3.8,Capgemini,Python Engineer,4.0,Bangalore,Full Time
4.4,RGUKT,Python Engineer,4.0,Bangalore,Full Time
3.9,Innominds Software,Python Engineer,13.0,Hyderabad,Full Time
4.0,Fresherworld.com,Python Engineer,2.0,Hyderabad,Full Time
5.0,Sage Digital,Python Engineer,8.0,Hyderabad,Full Time
4.0,nextsteps,Python Engineer - Intern,1.44,Hyderabad,Intern
3.3,Infosys,Python Engineer/DevOps,3.0,Chennai,Full Time
4.0,Netcraftz,Python Freelance Trainer,14.53056,Bangalore,Full Time
4.4,TechPartner Alliance,Python Fresher,1.8,Bangalore,Full Time
3.8,Cognizant Technology Solutions,Python Fresher,5.0,Chennai,Full Time
4.1,First Student,Python Fresher,2.4,Hyderabad,Full Time
4.1,Fresher,Python Full Stack Developer,6.0,Hyderabad,Full Time
4.6,Teamware Solutions,Python Full Stack Developer,1.68,Hyderabad,Full Time
3.9,Idoow,Python Full Stack Developer,3.0,Hyderabad,Full Time
3.5,Next Click Info Solutions,Python Full Stack Developer,8.0,Hyderabad,Full Time
4.3,Fresher,Python Full Stack Developer,4.68,Bangalore,Full Time
3.9,Tata Consultancy Services,Python Full Stack Developer,5.0,Hyderabad,Full Time
4.1,QSpiders,Python Full Stack Developer,5.0,Bangalore,Full Time
4.0,Forsys,Python Full Stack Developer,3.84,Bangalore,Full Time
3.7,BYJU'S,Python Full Stack Developer - Contractor,6.0,Hyderabad,Contractor
4.0,Nexgen Technlology,Python Full Stack Developer - Intern,5.0,Bangalore,Intern
4.4,ScienceSoft,Python Instructor,5.0,Bangalore,Full Time
5.0,Wonksknow Technologies India,Python Instructor,5.16,Bangalore,Full Time
4.3,10Decoders Consultancy Services,Python Junior Developer,1.8,Chennai,Full Time
5.0,Healimpilo,Python Lead Developer,3.0,Bangalore,Full Time
3.9,Tata Consultancy Services,Python ML Developer,1.2,Bangalore,Full Time
4.3,Kairos Technologies,Python ML Developer,2.0,Hyderabad,Full Time
4.2,Logica,Python ML Developer,3.48,Chennai,Full Time
3.8,Future Electronics,Python Programmer,3.0,Bangalore,Full Time
4.6,Palle Technology,Python Programmer,1.2,Bangalore,Full Time
4.2,Freelancer,Python Programmer,4.0,Hyderabad,Full Time
3.5,Smyths Toys,Python Programmer,11.76,Chennai,Full Time
4.1,Fresher,Python Programmer,1.8,Hyderabad,Full Time
4.1,First Student,Python Programmer,0.6336,Hyderabad,Full Time
4.3,Graduate Student,Python Programmer,2.28,Bangalore,Full Time
4.3,Fresher Than Fresh,Python Programmer,2.52,Bangalore,Full Time
4.2,Crayon Data,Python Programmer,3.72,Chennai,Full Time
3.8,Technicolor,Python Programmer,7.0,Bangalore,Full Time
4.1,IBM,Python Programmer,4.0,Bangalore,Full Time
4.1,First Student,Python Programmer,1.2,Bangalore,Full Time
4.3,Mantra Technologies (India),Python Programmer,2.88,Hyderabad,Full Time
3.2,Nucon Aerospace,Python Programmer - Intern,7.0,Chennai,Intern
4.1,Fresher,Python Programmer - Intern,1.68,Hyderabad,Intern
3.5,Nullclass,Python Programmer - Intern,0.96,Bangalore,Intern
4.0,DONE by NONE,Python Programmer - Intern,0.6,Bangalore,Intern
4.0,DONE by NONE,Python Programmer - Intern,1.2,Hyderabad,Intern
4.6,Teamware Solutions,Python Programmer Contractor,1.0,Chennai,Contractor
3.3,Utthunga Technologies,Python QA,6.0,Bangalore,Full Time
4.2,Pantech Solutions,Python Senior Developer,2.0,Hyderabad,Full Time
3.4,TouchPoint Support Services,Python Software Developer,3.0,Hyderabad,Full Time
3.8,LTI,Python Software Engineer - Intern,0.6,Bangalore,Intern
3.9,Tata Consultancy Services,Python Test Engineer,5.0,Bangalore,Full Time
4.5,FresherEngineers.com,Python Test Engineer,2.28,Hyderabad,Full Time
3.3,Utthunga Technologies,Python Test Engineer,29.0,Bangalore,Full Time
3.8,Wipro Technologies,Python Tester/Programmer,3.6,Bangalore,Full Time
3.1,Mac Machine Tools and Automation,Python Testing and Debugging,14.0,Bangalore,Full Time
4.2,null (India),Python Trainee,3.96,Hyderabad,Trainee
4.3,Golden Sun Technology,Python Trainee,1.8,Hyderabad,Trainee
3.2,KSRSAC,Python Trainee,2.28,Bangalore,Trainee
5.0,A2N Academy (India),Python Trainer,2.4,Bangalore,Full Time
3.0,G-Inter,Python Trainer,5.76,Chennai,Full Time
4.5,Softlogic Systems,Python Trainer,11.46816,Chennai,Full Time
5.0,IndiaTrainings,Python Trainer,4.0,Hyderabad,Full Time
4.0,Association des écoles de musique de V.D'Ascq,Python Web Developer,4.0,Bangalore,Full Time
4.3,Fresher,Python Web Developer,6.0,Bangalore,Full Time
3.7,SUN Techno,Python Web Developer,1.2,Hyderabad,Full Time
3.9,Spiro Solutions,Python and Iot Developer,3.0,Chennai,Full Time
4.0,TrioHats Consulting,Python and Machine Learning Analyst,1.0,Bangalore,Full Time
4.1,IBM,Python and Shell Scripting Developer,7.0,Hyderabad,Full Time
4.9,Datalysys,Python/Data Engineer,4.0,Hyderabad,Full Time
4.1,Micropyramid Informatics,Python/Django Developer,4.0,Hyderabad,Full Time
3.9,Fresher Zones,Python/Django Developer,1.8,Bangalore,Full Time
4.0,Fresherworld.com,Python/Django Developer,3.0,Bangalore,Full Time
4.1,Smartried,Python/Django Developer,5.0,Bangalore,Full Time
3.9,Yindusoft Technologies,Python/Django Developer,6.0,Bangalore,Full Time
4.1,Melvault,Python/Django Developer,6.0,Hyderabad,Full Time
4.6,PrivateCircle,Python/Django Developer,5.0,Bangalore,Full Time
4.1,Aodh Intelligence,Python/Django Developer,2.0,Hyderabad,Full Time
4.1,Fractal,Python/Django Developer,9.0,Bangalore,Full Time
4.2,Aptagrim Consulting,Python/Django Developer,1.32,Hyderabad,Full Time
3.6,Wells Fargo,Python/Django Developer,3.36,Hyderabad,Full Time
3.0,Nsure Reliable Power Solutions,Python/Django Developer,3.0,Bangalore,Full Time
4.0,DONE by NONE,Python/Django Developer,15.0,Bangalore,Full Time
4.1,Other,Python/Django Developer,2.28,Bangalore,Full Time
4.1,Robert Bosch India,Python/Django Developer,6.0,Bangalore,Full Time
3.7,Mphasis,Python/Django Developer,5.0,Bangalore,Full Time
4.0,ACT Fibernet,Python/Django Developer,3.0,Bangalore,Full Time
3.9,Mobility Quest,Python/Django Developer,3.0,Bangalore,Full Time
3.8,LTI,Python/Django Developer,4.0,Bangalore,Full Time
3.9,Tata Consultancy Services,Python/Django Developer,4.56,Bangalore,Full Time
3.8,Vidal Healthcare,Python/Django Developer,2.76,Bangalore,Full Time
4.2,Epicor Software,Python/Django Developer,7.0,Bangalore,Full Time
4.4,Encora,Python/Django Developer,3.0,Bangalore,Full Time
4.3,Cogno AI,Python/Django Developer,5.0,Bangalore,Full Time
3.7,Aditya Trading Solutions,Python/Django Developer,2.64,Bangalore,Full Time
3.9,Zummit Infolabs,Python/Django Developer,3.0,Bangalore,Full Time
4.1,Ericsson IT Solutions & Services,Python/Django Developer,5.0,Bangalore,Full Time
4.0,Seymour Systems,Python/Django Developer,5.0,Hyderabad,Full Time
4.0,Marks Technosystems,Python/Django Developer,4.0,Hyderabad,Full Time
4.0,Unemployed Help Centre,Python/Django Developer,1.2,Hyderabad,Full Time
3.8,Naukri.com,Python/Django Developer,2.88,Hyderabad,Full Time
4.1,Fresher,Python/Django Developer,1.8,Hyderabad,Full Time
3.8,Wipro,Python/Django Developer,8.0,Hyderabad,Full Time
3.7,HCL Technologies,Python/Django Developer,4.0,Bangalore,Full Time
3.5,Byte Academy,Python/Django Developer,2.0,Bangalore,Full Time
4.0,Urbanstop,Python/Django Developer,2.0,Bangalore,Full Time
1.0,WiseWolf Solutions,Python/Django Developer,3.0,Bangalore,Full Time
3.2,IAS,Python/Django Developer,11.52,Bangalore,Full Time
5.0,Tudo Technologoies,Python/Django Developer,2.88,Bangalore,Full Time
4.0,Focus Softek,Python/Django Developer,5.0,Bangalore,Full Time
4.5,FresherEngineers.com,Python/Django Developer,2.0,Hyderabad,Full Time
4.4,Tanla Platforms,Python/Django Developer,5.0,Hyderabad,Full Time
4.4,Venkatesh Consulting,Python/Django Developer,3.48,Hyderabad,Full Time
4.5,Moonstone Infotech,Python/Django Developer,3.0,Hyderabad,Full Time
3.3,Infosys,Python/Django Developer,5.0,Chennai,Full Time
3.9,VIOTECH,Python/Django Developer,5.0,Chennai,Full Time
4.1,varada software solutions,Python/Django Developer,6.0,Hyderabad,Full Time
3.0,Gridlex Service,Python/Django Developer,10.0,Hyderabad,Full Time
4.1,Tiruven Info Tech Software Solutions,Python/Django Developer,6.84,Hyderabad,Full Time
4.1,Ondas Technologies,Python/Django Developer,4.0,Hyderabad,Full Time
4.1,Cogent Data Solutions,Python/Django Developer,2.0,Hyderabad,Full Time
3.9,ILead Tax,Python/Django Developer,5.0,Hyderabad,Full Time
4.5,CAPEMISA,Python/Django Developer,8.0,Bangalore,Full Time
4.5,Ingenuitas Software,Python/Django Developer - Contractor,9.0,Bangalore,Contractor
4.7,REACH Technologies,Python/Django Developer - Intern,0.6,Bangalore,Intern
3.5,Persius,Python/Django Developer - Intern,0.48,Bangalore,Intern
4.0,Gloify,Python/Django Developer - Intern,1.2,Bangalore,Intern
4.8,School-Link Technologies,Python/Django Developer - Intern,2.64,Bangalore,Intern
3.0,A Plus Topper,Python/Django Developer - Intern,1.08,Hyderabad,Intern
4.5,Raven Innovations,Python/Django Developer - Intern,0.84,Hyderabad,Intern
2.0,Jama (India),Python/Django Developer - Intern,1.2,Hyderabad,Intern
4.5,Django,Python/Django Developer - Intern,9.6,Hyderabad,Intern
4.1,EMPLOYERS,Python/Django Developer Contractor,3.48,Chennai,Contractor
4.4,credativ,Python/Odoo Developer,3.0,Bangalore,Full Time
4.8,Henote Technologies,Python/Odoo Developer,11.52,Bangalore,Full Time
3.6,Prime Minds,Python/Odoo Developer,2.88,Bangalore,Full Time
3.8,Tenth Planet,Python/Odoo Developer,6.84,Chennai,Full Time
3.2,Emxcel Travel Solutions,Python/Odoo Developer,4.0,Bangalore,Full Time
4.0,Pierce Infotech,Python/Odoo Developer,1.68,Chennai,Full Time
2.2,Dexra Soultions,Python/Odoo Developer,2.0,Chennai,Full Time
5.0,Smruthi Technologies,Python/Odoo Developer,3.0,Bangalore,Full Time
3.8,Anonymous,Python/Odoo Developer,3.96,Hyderabad,Full Time
3.8,Capgemini,Python/Odoo Developer,5.0,Hyderabad,Full Time
4.8,Navabrind IT Solutions,Python/Odoo Developer,3.12,Chennai,Full Time
4.8,Banibro IT Solutions,Python/Odoo Developer,1.0,Chennai,Full Time
3.8,Capgemini,Python/Pyspark,6.0,Bangalore,Full Time
4.5,i8labs,React Native and Python Developer - Intern,1.8,Bangalore,Intern
4.0,Mojocare,SDE2 - Python,12.0,Bangalore,Full Time
3.9,Tata Consultancy Services,Senior Python Developer,16.0,Hyderabad,Full Time
3.0,AR XTLabs,Senior Python Developer,4.0,Hyderabad,Full Time
4.1,IBM,Senior Python Developer,12.0,Hyderabad,Full Time
3.9,ABC,Senior Python Developer,6.0,Hyderabad,Full Time
4.0,Bank of America,Senior Python Developer,10.0,Hyderabad,Full Time
3.8,XYZ,Senior Python Developer,3.0,Hyderabad,Full Time
3.8,IDC Technologies,Senior Python Developer,7.0,Hyderabad,Full Time
3.7,OTIS,Senior Python Developer,18.0,Hyderabad,Full Time
4.3,ALEX,Senior Python Developer,5.0,Bangalore,Full Time
4.3,Itish,Senior Python Developer,1.0,Hyderabad,Full Time
3.9,Tata Consultancy Services,Senior Python Developer,5.0,Bangalore,Full Time
4.0,Cognitant,Senior Python Developer,10.0,Bangalore,Full Time
4.0,Inovaantage,Senior Python Developer,5.88,Bangalore,Full Time
4.5,MOI,Senior Python Developer,17.0,Bangalore,Full Time
3.0,eMoT (India),Senior Python Developer,3.0,Bangalore,Full Time
5.0,Aaryan Industries,Senior Python Developer,8.0,Bangalore,Full Time
5.0,Teqpool,Senior Python Developer,1.2,Bangalore,Full Time
4.1,Micropyramid Informatics,Senior Python Developer,21.0,Hyderabad,Full Time
4.2,TVS Next,Senior Python Developer,19.0,Chennai,Full Time
3.7,Agathsya Technologies,Senior Python Developer,5.0,Bangalore,Full Time
3.6,NGP Websmart,Senior Python Developer,9.0,Chennai,Full Time
3.7,HCL Technologies,Senior Python Developer,2.28,Bangalore,Full Time
3.8,Spiceblue,Senior Python Developer,4.0,Chennai,Full Time
3.4,Zenstar Computer Solutions,Senior Python Developer,8.0,Bangalore,Full Time
3.3,Crebri Technologies,Senior Python Developer,9.0,Bangalore,Full Time
5.0,Leanpitch,Senior Python Developer,17.0,Bangalore,Full Time
3.8,Visionet Systems,Senior Python Developer,11.0,Bangalore,Full Time
4.3,Dell Technologies,Senior Python Developer,26.0,Bangalore,Full Time
3.9,Tata Consultancy Services,Senior Python Developer,7.0,Chennai,Full Time
3.8,Wipro,Senior Python Developer,3.48,Chennai,Full Time
3.2,RecoSense Infosolutions,Senior Python Developer,7.0,Bangalore,Full Time
3.6,HCL,Senior Python Developer,7.0,Bangalore,Full Time
3.7,HCL Technologies,Senior Python Developer,6.0,Chennai,Full Time
3.4,Visteon,Senior Python Developer,10.0,Chennai,Full Time
4.3,BA Continuum India,Senior Python Developer,1.0,Chennai,Full Time
3.8,Wipro,Senior Python Developer,3.24,Bangalore,Full Time
3.9,Standard Chartered Bank,Senior Python Developer,2.0,Bangalore,Full Time
3.5,Experience.com,Senior Python Developer,5.76,Chennai,Full Time
4.2,Nutanix,Senior Python Developer,13.0,Bangalore,Full Time
4.2,NetApp,Senior Python Developer,17.0,Bangalore,Full Time
3.0,MEC Concepts,Senior Python Developer - Contractor,9.0,Bangalore,Contractor
3.8,LTI,Senior Python Developer/Software Engineer,7.44,Bangalore,Full Time
3.3,Infosys,Senior Python Developer/Software Engineer,5.0,Bangalore,Full Time
3.9,Tata Consultancy Services,Senior Python Engineer,13.0,Chennai,Full Time
4.1,TEKsystems,Senior Python Engineer,18.0,Bangalore,Full Time
3.8,Wipro Technologies,Senior Python Engineer,2.0,Bangalore,Full Time
4.5,BOT VFX,Senior Python Programmer,9.0,Chennai,Full Time
2.2,Gyanmanjari Institute of Technology,Software Developer - Python(Fresher),6.48,Bangalore,Full Time
4.7,PythonAnywhere,Software Developer - Python(Fresher),2.88,Hyderabad,Full Time
4.4,FreshersLive,Software Developer - Python(Fresher),3.96,Hyderabad,Full Time
4.3,Fresher,Software Developer - Python(Fresher),3.0,Bangalore,Full Time
4.1,Fresher,Software Developer - Python(Fresher),3.48,Bangalore,Full Time
4.2,Microsec,Software Engineer (Python/Django) - Intern,1.08,Chennai,Intern
4.1,First Student,Software Engineer Python - Machine Learning Role,4.0,Bangalore,Full Time
5.0,Zapiot Technologies,"Software Engineer(PHP, Python, React, Laravel, Js)",4.0,Hyderabad,Full Time
4.1,Siemens,Software Engineer(Python Developer),18.0,Bangalore,Full Time
4.1,Mahalaxmi Industries,Software Engineer(Python Programmer),3.0,Hyderabad,Full Time
4.2,Qualcomm Technologies,Software Engineer(Python Programmer),15.0,Chennai,Full Time
4.1,Accenture,Sr. Python Developer/Software Engineer,11.0,Hyderabad,Full Time
4.1,Vandemataram Foundation,Systems Developer/Python Developer,4.0,Hyderabad,Full Time
3.4,Codigo World,Systems Developer/Python Developer,11.0,Bangalore,Full Time
4.0,Voywing Techlabs,Systems Developer/Python Developer,1.08,Bangalore,Full Time
3.9,Inspirisys Solutions Limited,Systems Developer/Python Developer,2.0,Chennai,Full Time
4.8,Cryptograph Technology,Systems Developer/Python Developer,11.0,Bangalore,Full Time
4.2,Jade Global,Systems Developer/Python Developer,2.52,Chennai,Full Time
2.7,Hawkins Cookers,Systems Developer/Python Developer,6.0,Chennai,Full Time
3.0,FixStream,Systems Developer/Python Developer,1.0,Bangalore,Full Time
4.0,OptiRisk India,Systems Developer/Python Developer,2.52,Chennai,Full Time
1.4,Compliance Compendium,Systems Developer/Python Developer,3.0,Bangalore,Full Time
3.9,Oracle,Systems Developer/Python Developer,8.0,Hyderabad,Full Time
3.9,Ramboll,Systems Developer/Python Developer,1.0,Chennai,Full Time
3.3,DMX Technologies Group,Systems Developer/Python Developer,11.52,Bangalore,Full Time
3.2,Acelr Tech Labs,Systems Developer/Python Developer,1.0,Bangalore,Full Time
3.6,Minance,Systems Developer/Python Developer,1.0,Bangalore,Full Time
3.0,Kenneth David & Co.,Systems Developer/Python Developer,4.0,Chennai,Full Time
3.8,Capgemini,Systems Developer/Python Developer,4.0,Chennai,Full Time
4.5,Zoho,Systems Developer/Python Developer,1.44,Chennai,Full Time
4.0,Aspire Systems,Systems Developer/Python Developer,4.32,Chennai,Full Time
4.1,DoubleSpring,Systems Developer/Python Developer,5.88,Bangalore,Full Time
5.0,Rosalsoft Technologies,Systems Developer/Python Developer,3.0,Bangalore,Full Time
3.7,Brihaspathi Technologies,Systems Developer/Python Developer,2.04,Hyderabad,Full Time
3.8,Projectplace,Systems Developer/Python Developer,2.0,Bangalore,Full Time
4.0,Naresh i Technologies,Systems Developer/Python Developer,1.2,Hyderabad,Full Time
3.7,HCL Technologies,Systems Developer/Python Developer,5.0,Chennai,Full Time
3.9,Tata Consultancy Services,Systems Developer/Python Developer,1.68,Bangalore,Full Time
4.1,Hewlett Packard Enterprise | HPE,Systems Developer/Python Developer,14.0,Bangalore,Full Time
4.0,UST,Systems Developer/Python Developer,2.88,Bangalore,Full Time
3.8,Tata Consultancy Services (North America),Systems Developer/Python Developer,5.0,Bangalore,Full Time
3.8,Wipro,Systems Developer/Python Developer,5.0,Bangalore,Full Time
3.6,Revathi Equipment,Systems Developer/Python Developer,7.56,Hyderabad,Full Time
4.1,Accenture,Systems Developer/Python Developer,4.0,Bangalore,Full Time
4.2,Greytip,Systems Developer/Python Developer,6.0,Bangalore,Full Time
3.9,American Airlines,Systems Developer/Python Developer,10.08,Bangalore,Full Time
4.1,IBM,Systems Developer/Python Developer,4.0,Bangalore,Full Time
2.4,Blouin Artinfo,Systems Developer/Python Developer,4.0,Bangalore,Full Time
3.3,Scarlet Wireless,Systems Developer/Python Developer,13.0,Bangalore,Full Time
3.9,Techstar Consulting,Systems Developer/Python Developer,2.52,Hyderabad,Full Time
3.7,OpsRamp,Systems Developer/Python Developer,4.0,Hyderabad,Full Time
2.6,DQ Entertainment,Systems Developer/Python Developer,2.4,Hyderabad,Full Time
3.1,KTree,Systems Developer/Python Developer,3.0,Hyderabad,Full Time
3.5,eGrove Systems,Systems Developer/Python Developer,5.4,Chennai,Full Time
3.3,Infosys,Systems Developer/Python Developer,6.0,Hyderabad,Full Time
3.9,MulticoreWare,Systems Developer/Python Developer,3.0,Chennai,Full Time
4.1,First Student,Systems Developer/Python Developer,3.0,Hyderabad,Full Time
4.6,Planful,Systems Developer/Python Developer - Contractor,4.0,Hyderabad,Contractor
4.2,Aptagrim Consulting,Systems Developer/Python Developer - Intern,0.84,Hyderabad,Intern
3.0,Cogvision AI,Systems Developer/Python Developer - Intern,1.44,Bangalore,Intern
3.3,Infosys,Technology Analyst - Python Developer,6.0,Chennai,Full Time
4.1,GG Cloud Technologies,Trainee Junior Python Developer,2.28,Hyderabad,Trainee
4.1,Fresher,Trainee Junior Python Developer,2.28,Chennai,Trainee
4.1,Fresher,"Web Developer, Python Developer",3.0,Bangalore,Full Time
